enum_name,value,sync_date,sync_timestamp
complianceStatus,"{""token"":""PENDING"",""label"":""Pending"",""perCountryLabels"":{}}",06/04/2026,06/04/2026 10:06:01
complianceStatus,"{""token"":""NON_COMPLIANT"",""label"":""Non-compliant"",""perCountryLabels"":{}}",06/04/2026,06/04/2026 10:06:01
complianceStatus,"{""token"":""FORCE_PLACED"",""label"":""Force placed"",""perCountryLabels"":{}}",06/04/2026,06/04/2026 10:06:01
complianceStatus,"{""token"":""COMPLIANT"",""label"":""Compliant"",""perCountryLabels"":{}}",06/04/2026,06/04/2026 10:06:01
complianceStatus,"{""token"":""NEW"",""label"":""New"",""perCountryLabels"":{}}",06/04/2026,06/04/2026 10:06:01
countryCode,"{""token"":""US"",""label"":""United States"",""perCountryLabels"":{}}",06/04/2026,06/04/2026 10:06:01
countryCode,"{""token"":""AF"",""label"":""Afghanistan"",""perCountryLabels"":{}}",06/04/2026,06/04/2026 10:06:01
countryCode,"{""token"":""AX"",""label"":""Aland Islands"",""perCountryLabels"":{}}",06/04/2026,06/04/2026 10:06:01
countryCode,"{""token"":""AL"",""label"":""Albania"",""perCountryLabels"":{}}",06/04/2026,06/04/2026 10:06:01
countryCode,"{""token"":""DZ"",""label"":""Algeria"",""perCountryLabels"":{}}",06/04/2026,06/04/2026 10:06:01
countryCode,"{""token"":""AS"",""label"":""American Samoa"",""perCountryLabels"":{}}",06/04/2026,06/04/2026 10:06:01
countryCode,"{""token"":""AD"",""label"":""Andorra"",""perCountryLabels"":{}}",06/04/2026,06/04/2026 10:06:01
countryCode,"{""token"":""AO"",""label"":""Angola"",""perCountryLabels"":{}}",06/04/2026,06/04/2026 10:06:01
countryCode,"{""token"":""AI"",""label"":""Anguilla"",""perCountryLabels"":{}}",06/04/2026,06/04/2026 10:06:01
countryCode,"{""token"":""AG"",""label"":""Antigua and Barbuda"",""perCountryLabels"":{}}",06/04/2026,06/04/2026 10:06:01
countryCode,"{""token"":""AR"",""label"":""Argentina"",""perCountryLabels"":{}}",06/04/2026,06/04/2026 10:06:01
countryCode,"{""token"":""AM"",""label"":""Armenia"",""perCountryLabels"":{}}",06/04/2026,06/04/2026 10:06:01
countryCode,"{""token"":""AW"",""label"":""Aruba"",""perCountryLabels"":{}}",06/04/2026,06/04/2026 10:06:01
countryCode,"{""token"":""AU"",""label"":""Australia"",""perCountryLabels"":{}}",06/04/2026,06/04/2026 10:06:01
countryCode,"{""token"":""AT"",""label"":""Austria"",""perCountryLabels"":{}}",06/04/2026,06/04/2026 10:06:01
countryCode,"{""token"":""AZ"",""label"":""Azerbaijan"",""perCountryLabels"":{}}",06/04/2026,06/04/2026 10:06:01
countryCode,"{""token"":""BS"",""label"":""Bahamas"",""perCountryLabels"":{}}",06/04/2026,06/04/2026 10:06:01
countryCode,"{""token"":""BH"",""label"":""Bahrain"",""perCountryLabels"":{}}",06/04/2026,06/04/2026 10:06:01
countryCode,"{""token"":""BD"",""label"":""Bangladesh"",""perCountryLabels"":{}}",06/04/2026,06/04/2026 10:06:01
countryCode,"{""token"":""BB"",""label"":""Barbados"",""perCountryLabels"":{}}",06/04/2026,06/04/2026 10:06:01
countryCode,"{""token"":""BY"",""label"":""Belarus"",""perCountryLabels"":{}}",06/04/2026,06/04/2026 10:06:01
countryCode,"{""token"":""BE"",""label"":""Belgium"",""perCountryLabels"":{}}",06/04/2026,06/04/2026 10:06:01
countryCode,"{""token"":""BZ"",""label"":""Belize"",""perCountryLabels"":{}}",06/04/2026,06/04/2026 10:06:01
countryCode,"{""token"":""BJ"",""label"":""Benin"",""perCountryLabels"":{}}",06/04/2026,06/04/2026 10:06:01
countryCode,"{""token"":""BM"",""label"":""Bermuda"",""perCountryLabels"":{}}",06/04/2026,06/04/2026 10:06:01
countryCode,"{""token"":""BT"",""label"":""Bhutan"",""perCountryLabels"":{}}",06/04/2026,06/04/2026 10:06:01
countryCode,"{""token"":""BO"",""label"":""Bolivia"",""perCountryLabels"":{}}",06/04/2026,06/04/2026 10:06:01
countryCode,"{""token"":""BQ"",""label"":""Bonaire, Saint Eustatius and Saba "",""perCountryLabels"":{}}",06/04/2026,06/04/2026 10:06:01
countryCode,"{""token"":""BA"",""label"":""Bosnia and Herzegovina"",""perCountryLabels"":{}}",06/04/2026,06/04/2026 10:06:01
countryCode,"{""token"":""BW"",""label"":""Botswana"",""perCountryLabels"":{}}",06/04/2026,06/04/2026 10:06:01
countryCode,"{""token"":""BR"",""label"":""Brazil"",""perCountryLabels"":{}}",06/04/2026,06/04/2026 10:06:01
countryCode,"{""token"":""IO"",""label"":""British Indian Ocean Territory"",""perCountryLabels"":{}}",06/04/2026,06/04/2026 10:06:01
countryCode,"{""token"":""VG"",""label"":""British Virgin Islands"",""perCountryLabels"":{}}",06/04/2026,06/04/2026 10:06:01
countryCode,"{""token"":""BN"",""label"":""Brunei"",""perCountryLabels"":{}}",06/04/2026,06/04/2026 10:06:01
countryCode,"{""token"":""BG"",""label"":""Bulgaria"",""perCountryLabels"":{}}",06/04/2026,06/04/2026 10:06:01
countryCode,"{""token"":""BF"",""label"":""Burkina Faso"",""perCountryLabels"":{}}",06/04/2026,06/04/2026 10:06:01
countryCode,"{""token"":""BI"",""label"":""Burundi"",""perCountryLabels"":{}}",06/04/2026,06/04/2026 10:06:01
countryCode,"{""token"":""CV"",""label"":""Cabo Verde"",""perCountryLabels"":{}}",06/04/2026,06/04/2026 10:06:01
countryCode,"{""token"":""KH"",""label"":""Cambodia"",""perCountryLabels"":{}}",06/04/2026,06/04/2026 10:06:01
countryCode,"{""token"":""CM"",""label"":""Cameroon"",""perCountryLabels"":{}}",06/04/2026,06/04/2026 10:06:01
countryCode,"{""token"":""CA"",""label"":""Canada"",""perCountryLabels"":{}}",06/04/2026,06/04/2026 10:06:01
countryCode,"{""token"":""KY"",""label"":""Cayman Islands"",""perCountryLabels"":{}}",06/04/2026,06/04/2026 10:06:01
countryCode,"{""token"":""CF"",""label"":""Central African Republic"",""perCountryLabels"":{}}",06/04/2026,06/04/2026 10:06:01
countryCode,"{""token"":""TD"",""label"":""Chad"",""perCountryLabels"":{}}",06/04/2026,06/04/2026 10:06:01
countryCode,"{""token"":""CL"",""label"":""Chile"",""perCountryLabels"":{}}",06/04/2026,06/04/2026 10:06:01
countryCode,"{""token"":""CN"",""label"":""China"",""perCountryLabels"":{}}",06/04/2026,06/04/2026 10:06:01
countryCode,"{""token"":""CX"",""label"":""Christmas Island"",""perCountryLabels"":{}}",06/04/2026,06/04/2026 10:06:01
countryCode,"{""token"":""CC"",""label"":""Cocos Islands"",""perCountryLabels"":{}}",06/04/2026,06/04/2026 10:06:01
countryCode,"{""token"":""CO"",""label"":""Colombia"",""perCountryLabels"":{}}",06/04/2026,06/04/2026 10:06:01
countryCode,"{""token"":""KM"",""label"":""Comoros"",""perCountryLabels"":{}}",06/04/2026,06/04/2026 10:06:01
countryCode,"{""token"":""CK"",""label"":""Cook Islands"",""perCountryLabels"":{}}",06/04/2026,06/04/2026 10:06:01
countryCode,"{""token"":""CR"",""label"":""Costa Rica"",""perCountryLabels"":{}}",06/04/2026,06/04/2026 10:06:01
countryCode,"{""token"":""HR"",""label"":""Croatia"",""perCountryLabels"":{}}",06/04/2026,06/04/2026 10:06:01
countryCode,"{""token"":""CU"",""label"":""Cuba"",""perCountryLabels"":{}}",06/04/2026,06/04/2026 10:06:01
countryCode,"{""token"":""CW"",""label"":""Curacao"",""perCountryLabels"":{}}",06/04/2026,06/04/2026 10:06:01
countryCode,"{""token"":""CY"",""label"":""Cyprus"",""perCountryLabels"":{}}",06/04/2026,06/04/2026 10:06:01
countryCode,"{""token"":""CZ"",""label"":""Czechia"",""perCountryLabels"":{}}",06/04/2026,06/04/2026 10:06:01
countryCode,"{""token"":""CD"",""label"":""Democratic Republic of the Congo"",""perCountryLabels"":{}}",06/04/2026,06/04/2026 10:06:01
countryCode,"{""token"":""DK"",""label"":""Denmark"",""perCountryLabels"":{}}",06/04/2026,06/04/2026 10:06:01
countryCode,"{""token"":""DJ"",""label"":""Djibouti"",""perCountryLabels"":{}}",06/04/2026,06/04/2026 10:06:01
countryCode,"{""token"":""DM"",""label"":""Dominica"",""perCountryLabels"":{}}",06/04/2026,06/04/2026 10:06:01
countryCode,"{""token"":""DO"",""label"":""Dominican Republic"",""perCountryLabels"":{}}",06/04/2026,06/04/2026 10:06:01
countryCode,"{""token"":""EC"",""label"":""Ecuador"",""perCountryLabels"":{}}",06/04/2026,06/04/2026 10:06:01
countryCode,"{""token"":""EG"",""label"":""Egypt"",""perCountryLabels"":{}}",06/04/2026,06/04/2026 10:06:01
countryCode,"{""token"":""SV"",""label"":""El Salvador"",""perCountryLabels"":{}}",06/04/2026,06/04/2026 10:06:01
countryCode,"{""token"":""GQ"",""label"":""Equatorial Guinea"",""perCountryLabels"":{}}",06/04/2026,06/04/2026 10:06:01
countryCode,"{""token"":""ER"",""label"":""Eritrea"",""perCountryLabels"":{}}",06/04/2026,06/04/2026 10:06:01
countryCode,"{""token"":""EE"",""label"":""Estonia"",""perCountryLabels"":{}}",06/04/2026,06/04/2026 10:06:01
countryCode,"{""token"":""SZ"",""label"":""Eswatini"",""perCountryLabels"":{}}",06/04/2026,06/04/2026 10:06:01
countryCode,"{""token"":""ET"",""label"":""Ethiopia"",""perCountryLabels"":{}}",06/04/2026,06/04/2026 10:06:01
countryCode,"{""token"":""FK"",""label"":""Falkland Islands"",""perCountryLabels"":{}}",06/04/2026,06/04/2026 10:06:01
countryCode,"{""token"":""FO"",""label"":""Faroe Islands"",""perCountryLabels"":{}}",06/04/2026,06/04/2026 10:06:01
countryCode,"{""token"":""FJ"",""label"":""Fiji"",""perCountryLabels"":{}}",06/04/2026,06/04/2026 10:06:01
countryCode,"{""token"":""FI"",""label"":""Finland"",""perCountryLabels"":{}}",06/04/2026,06/04/2026 10:06:01
countryCode,"{""token"":""FR"",""label"":""France"",""perCountryLabels"":{}}",06/04/2026,06/04/2026 10:06:01
countryCode,"{""token"":""GF"",""label"":""French Guiana"",""perCountryLabels"":{}}",06/04/2026,06/04/2026 10:06:01
countryCode,"{""token"":""PF"",""label"":""French Polynesia"",""perCountryLabels"":{}}",06/04/2026,06/04/2026 10:06:01
countryCode,"{""token"":""TF"",""label"":""French Southern Territories"",""perCountryLabels"":{}}",06/04/2026,06/04/2026 10:06:01
countryCode,"{""token"":""GA"",""label"":""Gabon"",""perCountryLabels"":{}}",06/04/2026,06/04/2026 10:06:01
countryCode,"{""token"":""GM"",""label"":""Gambia"",""perCountryLabels"":{}}",06/04/2026,06/04/2026 10:06:01
countryCode,"{""token"":""GE"",""label"":""Georgia"",""perCountryLabels"":{}}",06/04/2026,06/04/2026 10:06:01
countryCode,"{""token"":""DE"",""label"":""Germany"",""perCountryLabels"":{}}",06/04/2026,06/04/2026 10:06:01
countryCode,"{""token"":""GH"",""label"":""Ghana"",""perCountryLabels"":{}}",06/04/2026,06/04/2026 10:06:01
countryCode,"{""token"":""GI"",""label"":""Gibraltar"",""perCountryLabels"":{}}",06/04/2026,06/04/2026 10:06:01
countryCode,"{""token"":""GR"",""label"":""Greece"",""perCountryLabels"":{}}",06/04/2026,06/04/2026 10:06:01
countryCode,"{""token"":""GL"",""label"":""Greenland"",""perCountryLabels"":{}}",06/04/2026,06/04/2026 10:06:01
countryCode,"{""token"":""GD"",""label"":""Grenada"",""perCountryLabels"":{}}",06/04/2026,06/04/2026 10:06:01
countryCode,"{""token"":""GP"",""label"":""Guadeloupe"",""perCountryLabels"":{}}",06/04/2026,06/04/2026 10:06:01
countryCode,"{""token"":""GU"",""label"":""Guam"",""perCountryLabels"":{}}",06/04/2026,06/04/2026 10:06:01
countryCode,"{""token"":""GT"",""label"":""Guatemala"",""perCountryLabels"":{}}",06/04/2026,06/04/2026 10:06:01
countryCode,"{""token"":""GG"",""label"":""Guernsey"",""perCountryLabels"":{}}",06/04/2026,06/04/2026 10:06:01
countryCode,"{""token"":""GN"",""label"":""Guinea"",""perCountryLabels"":{}}",06/04/2026,06/04/2026 10:06:01
countryCode,"{""token"":""GW"",""label"":""Guinea-Bissau"",""perCountryLabels"":{}}",06/04/2026,06/04/2026 10:06:01
countryCode,"{""token"":""GY"",""label"":""Guyana"",""perCountryLabels"":{}}",06/04/2026,06/04/2026 10:06:01
countryCode,"{""token"":""HT"",""label"":""Haiti"",""perCountryLabels"":{}}",06/04/2026,06/04/2026 10:06:01
countryCode,"{""token"":""HN"",""label"":""Honduras"",""perCountryLabels"":{}}",06/04/2026,06/04/2026 10:06:01
countryCode,"{""token"":""HK"",""label"":""Hong Kong"",""perCountryLabels"":{}}",06/04/2026,06/04/2026 10:06:01
countryCode,"{""token"":""HU"",""label"":""Hungary"",""perCountryLabels"":{}}",06/04/2026,06/04/2026 10:06:01
countryCode,"{""token"":""IS"",""label"":""Iceland"",""perCountryLabels"":{}}",06/04/2026,06/04/2026 10:06:01
countryCode,"{""token"":""IN"",""label"":""India"",""perCountryLabels"":{}}",06/04/2026,06/04/2026 10:06:01
countryCode,"{""token"":""ID"",""label"":""Indonesia"",""perCountryLabels"":{}}",06/04/2026,06/04/2026 10:06:01
countryCode,"{""token"":""IR"",""label"":""Iran"",""perCountryLabels"":{}}",06/04/2026,06/04/2026 10:06:01
countryCode,"{""token"":""IQ"",""label"":""Iraq"",""perCountryLabels"":{}}",06/04/2026,06/04/2026 10:06:01
countryCode,"{""token"":""IE"",""label"":""Ireland"",""perCountryLabels"":{}}",06/04/2026,06/04/2026 10:06:01
countryCode,"{""token"":""IM"",""label"":""Isle of Man"",""perCountryLabels"":{}}",06/04/2026,06/04/2026 10:06:01
countryCode,"{""token"":""IL"",""label"":""Israel"",""perCountryLabels"":{}}",06/04/2026,06/04/2026 10:06:01
countryCode,"{""token"":""IT"",""label"":""Italy"",""perCountryLabels"":{}}",06/04/2026,06/04/2026 10:06:01
countryCode,"{""token"":""CI"",""label"":""Ivory Coast"",""perCountryLabels"":{}}",06/04/2026,06/04/2026 10:06:01
countryCode,"{""token"":""JM"",""label"":""Jamaica"",""perCountryLabels"":{}}",06/04/2026,06/04/2026 10:06:01
countryCode,"{""token"":""JP"",""label"":""Japan"",""perCountryLabels"":{}}",06/04/2026,06/04/2026 10:06:01
countryCode,"{""token"":""JE"",""label"":""Jersey"",""perCountryLabels"":{}}",06/04/2026,06/04/2026 10:06:01
countryCode,"{""token"":""JO"",""label"":""Jordan"",""perCountryLabels"":{}}",06/04/2026,06/04/2026 10:06:01
countryCode,"{""token"":""KZ"",""label"":""Kazakhstan"",""perCountryLabels"":{}}",06/04/2026,06/04/2026 10:06:01
countryCode,"{""token"":""KE"",""label"":""Kenya"",""perCountryLabels"":{}}",06/04/2026,06/04/2026 10:06:01
countryCode,"{""token"":""KI"",""label"":""Kiribati"",""perCountryLabels"":{}}",06/04/2026,06/04/2026 10:06:01
countryCode,"{""token"":""XK"",""label"":""Kosovo"",""perCountryLabels"":{}}",06/04/2026,06/04/2026 10:06:01
countryCode,"{""token"":""KW"",""label"":""Kuwait"",""perCountryLabels"":{}}",06/04/2026,06/04/2026 10:06:01
countryCode,"{""token"":""KG"",""label"":""Kyrgyzstan"",""perCountryLabels"":{}}",06/04/2026,06/04/2026 10:06:01
countryCode,"{""token"":""LA"",""label"":""Laos"",""perCountryLabels"":{}}",06/04/2026,06/04/2026 10:06:01
countryCode,"{""token"":""LV"",""label"":""Latvia"",""perCountryLabels"":{}}",06/04/2026,06/04/2026 10:06:01
countryCode,"{""token"":""LB"",""label"":""Lebanon"",""perCountryLabels"":{}}",06/04/2026,06/04/2026 10:06:01
countryCode,"{""token"":""LS"",""label"":""Lesotho"",""perCountryLabels"":{}}",06/04/2026,06/04/2026 10:06:01
countryCode,"{""token"":""LR"",""label"":""Liberia"",""perCountryLabels"":{}}",06/04/2026,06/04/2026 10:06:01
countryCode,"{""token"":""LY"",""label"":""Libya"",""perCountryLabels"":{}}",06/04/2026,06/04/2026 10:06:01
countryCode,"{""token"":""LI"",""label"":""Liechtenstein"",""perCountryLabels"":{}}",06/04/2026,06/04/2026 10:06:01
countryCode,"{""token"":""LT"",""label"":""Lithuania"",""perCountryLabels"":{}}",06/04/2026,06/04/2026 10:06:01
countryCode,"{""token"":""LU"",""label"":""Luxembourg"",""perCountryLabels"":{}}",06/04/2026,06/04/2026 10:06:01
countryCode,"{""token"":""MO"",""label"":""Macao"",""perCountryLabels"":{}}",06/04/2026,06/04/2026 10:06:01
countryCode,"{""token"":""MG"",""label"":""Madagascar"",""perCountryLabels"":{}}",06/04/2026,06/04/2026 10:06:01
countryCode,"{""token"":""MW"",""label"":""Malawi"",""perCountryLabels"":{}}",06/04/2026,06/04/2026 10:06:01
countryCode,"{""token"":""MY"",""label"":""Malaysia"",""perCountryLabels"":{}}",06/04/2026,06/04/2026 10:06:01
countryCode,"{""token"":""MV"",""label"":""Maldives"",""perCountryLabels"":{}}",06/04/2026,06/04/2026 10:06:01
countryCode,"{""token"":""ML"",""label"":""Mali"",""perCountryLabels"":{}}",06/04/2026,06/04/2026 10:06:01
countryCode,"{""token"":""MT"",""label"":""Malta"",""perCountryLabels"":{}}",06/04/2026,06/04/2026 10:06:01
countryCode,"{""token"":""MH"",""label"":""Marshall Islands"",""perCountryLabels"":{}}",06/04/2026,06/04/2026 10:06:01
countryCode,"{""token"":""MQ"",""label"":""Martinique"",""perCountryLabels"":{}}",06/04/2026,06/04/2026 10:06:01
countryCode,"{""token"":""MR"",""label"":""Mauritania"",""perCountryLabels"":{}}",06/04/2026,06/04/2026 10:06:01
countryCode,"{""token"":""MU"",""label"":""Mauritius"",""perCountryLabels"":{}}",06/04/2026,06/04/2026 10:06:01
countryCode,"{""token"":""YT"",""label"":""Mayotte"",""perCountryLabels"":{}}",06/04/2026,06/04/2026 10:06:01
countryCode,"{""token"":""MX"",""label"":""Mexico"",""perCountryLabels"":{}}",06/04/2026,06/04/2026 10:06:01
countryCode,"{""token"":""FM"",""label"":""Micronesia"",""perCountryLabels"":{}}",06/04/2026,06/04/2026 10:06:01
countryCode,"{""token"":""MD"",""label"":""Moldova"",""perCountryLabels"":{}}",06/04/2026,06/04/2026 10:06:01
countryCode,"{""token"":""MC"",""label"":""Monaco"",""perCountryLabels"":{}}",06/04/2026,06/04/2026 10:06:01
countryCode,"{""token"":""MN"",""label"":""Mongolia"",""perCountryLabels"":{}}",06/04/2026,06/04/2026 10:06:01
countryCode,"{""token"":""ME"",""label"":""Montenegro"",""perCountryLabels"":{}}",06/04/2026,06/04/2026 10:06:01
countryCode,"{""token"":""MS"",""label"":""Montserrat"",""perCountryLabels"":{}}",06/04/2026,06/04/2026 10:06:01
countryCode,"{""token"":""MA"",""label"":""Morocco"",""perCountryLabels"":{}}",06/04/2026,06/04/2026 10:06:01
countryCode,"{""token"":""MZ"",""label"":""Mozambique"",""perCountryLabels"":{}}",06/04/2026,06/04/2026 10:06:01
countryCode,"{""token"":""MM"",""label"":""Myanmar"",""perCountryLabels"":{}}",06/04/2026,06/04/2026 10:06:01
countryCode,"{""token"":""NA"",""label"":""Namibia"",""perCountryLabels"":{}}",06/04/2026,06/04/2026 10:06:01
countryCode,"{""token"":""NR"",""label"":""Nauru"",""perCountryLabels"":{}}",06/04/2026,06/04/2026 10:06:01
countryCode,"{""token"":""NP"",""label"":""Nepal"",""perCountryLabels"":{}}",06/04/2026,06/04/2026 10:06:01
countryCode,"{""token"":""NL"",""label"":""Netherlands"",""perCountryLabels"":{}}",06/04/2026,06/04/2026 10:06:01
countryCode,"{""token"":""AN"",""label"":""Netherlands Antilles"",""perCountryLabels"":{}}",06/04/2026,06/04/2026 10:06:01
countryCode,"{""token"":""NC"",""label"":""New Caledonia"",""perCountryLabels"":{}}",06/04/2026,06/04/2026 10:06:01
countryCode,"{""token"":""NZ"",""label"":""New Zealand"",""perCountryLabels"":{}}",06/04/2026,06/04/2026 10:06:01
countryCode,"{""token"":""NI"",""label"":""Nicaragua"",""perCountryLabels"":{}}",06/04/2026,06/04/2026 10:06:01
countryCode,"{""token"":""NE"",""label"":""Niger"",""perCountryLabels"":{}}",06/04/2026,06/04/2026 10:06:01
countryCode,"{""token"":""NG"",""label"":""Nigeria"",""perCountryLabels"":{}}",06/04/2026,06/04/2026 10:06:01
countryCode,"{""token"":""NU"",""label"":""Niue"",""perCountryLabels"":{}}",06/04/2026,06/04/2026 10:06:01
countryCode,"{""token"":""NF"",""label"":""Norfolk Island"",""perCountryLabels"":{}}",06/04/2026,06/04/2026 10:06:01
countryCode,"{""token"":""KP"",""label"":""North Korea"",""perCountryLabels"":{}}",06/04/2026,06/04/2026 10:06:01
countryCode,"{""token"":""MK"",""label"":""North Macedonia"",""perCountryLabels"":{}}",06/04/2026,06/04/2026 10:06:01
countryCode,"{""token"":""MP"",""label"":""Northern Mariana Islands"",""perCountryLabels"":{}}",06/04/2026,06/04/2026 10:06:01
countryCode,"{""token"":""NO"",""label"":""Norway"",""perCountryLabels"":{}}",06/04/2026,06/04/2026 10:06:01
countryCode,"{""token"":""OM"",""label"":""Oman"",""perCountryLabels"":{}}",06/04/2026,06/04/2026 10:06:01
countryCode,"{""token"":""PK"",""label"":""Pakistan"",""perCountryLabels"":{}}",06/04/2026,06/04/2026 10:06:01
countryCode,"{""token"":""PW"",""label"":""Palau"",""perCountryLabels"":{}}",06/04/2026,06/04/2026 10:06:01
countryCode,"{""token"":""PS"",""label"":""Palestinian Territory"",""perCountryLabels"":{}}",06/04/2026,06/04/2026 10:06:01
countryCode,"{""token"":""PA"",""label"":""Panama"",""perCountryLabels"":{}}",06/04/2026,06/04/2026 10:06:01
countryCode,"{""token"":""PG"",""label"":""Papua New Guinea"",""perCountryLabels"":{}}",06/04/2026,06/04/2026 10:06:01
countryCode,"{""token"":""PY"",""label"":""Paraguay"",""perCountryLabels"":{}}",06/04/2026,06/04/2026 10:06:01
countryCode,"{""token"":""PE"",""label"":""Peru"",""perCountryLabels"":{}}",06/04/2026,06/04/2026 10:06:01
countryCode,"{""token"":""PH"",""label"":""Philippines"",""perCountryLabels"":{}}",06/04/2026,06/04/2026 10:06:01
countryCode,"{""token"":""PN"",""label"":""Pitcairn"",""perCountryLabels"":{}}",06/04/2026,06/04/2026 10:06:01
countryCode,"{""token"":""PL"",""label"":""Poland"",""perCountryLabels"":{}}",06/04/2026,06/04/2026 10:06:01
countryCode,"{""token"":""PT"",""label"":""Portugal"",""perCountryLabels"":{}}",06/04/2026,06/04/2026 10:06:01
countryCode,"{""token"":""PR"",""label"":""Puerto Rico"",""perCountryLabels"":{}}",06/04/2026,06/04/2026 10:06:01
countryCode,"{""token"":""QA"",""label"":""Qatar"",""perCountryLabels"":{}}",06/04/2026,06/04/2026 10:06:01
countryCode,"{""token"":""CG"",""label"":""Republic of the Congo"",""perCountryLabels"":{}}",06/04/2026,06/04/2026 10:06:01
countryCode,"{""token"":""RE"",""label"":""Reunion"",""perCountryLabels"":{}}",06/04/2026,06/04/2026 10:06:01
countryCode,"{""token"":""RO"",""label"":""Romania"",""perCountryLabels"":{}}",06/04/2026,06/04/2026 10:06:01
countryCode,"{""token"":""RU"",""label"":""Russia"",""perCountryLabels"":{}}",06/04/2026,06/04/2026 10:06:01
countryCode,"{""token"":""RW"",""label"":""Rwanda"",""perCountryLabels"":{}}",06/04/2026,06/04/2026 10:06:01
countryCode,"{""token"":""BL"",""label"":""Saint Barthelemy"",""perCountryLabels"":{}}",06/04/2026,06/04/2026 10:06:01
countryCode,"{""token"":""SH"",""label"":""Saint Helena"",""perCountryLabels"":{}}",06/04/2026,06/04/2026 10:06:01
countryCode,"{""token"":""KN"",""label"":""Saint Kitts and Nevis"",""perCountryLabels"":{}}",06/04/2026,06/04/2026 10:06:01
countryCode,"{""token"":""LC"",""label"":""Saint Lucia"",""perCountryLabels"":{}}",06/04/2026,06/04/2026 10:06:01
countryCode,"{""token"":""MF"",""label"":""Saint Martin"",""perCountryLabels"":{}}",06/04/2026,06/04/2026 10:06:01
countryCode,"{""token"":""PM"",""label"":""Saint Pierre and Miquelon"",""perCountryLabels"":{}}",06/04/2026,06/04/2026 10:06:01
countryCode,"{""token"":""VC"",""label"":""Saint Vincent and the Grenadines"",""perCountryLabels"":{}}",06/04/2026,06/04/2026 10:06:01
countryCode,"{""token"":""WS"",""label"":""Samoa"",""perCountryLabels"":{}}",06/04/2026,06/04/2026 10:06:01
countryCode,"{""token"":""SM"",""label"":""San Marino"",""perCountryLabels"":{}}",06/04/2026,06/04/2026 10:06:01
countryCode,"{""token"":""ST"",""label"":""Sao Tome and Principe"",""perCountryLabels"":{}}",06/04/2026,06/04/2026 10:06:01
countryCode,"{""token"":""SA"",""label"":""Saudi Arabia"",""perCountryLabels"":{}}",06/04/2026,06/04/2026 10:06:01
countryCode,"{""token"":""SN"",""label"":""Senegal"",""perCountryLabels"":{}}",06/04/2026,06/04/2026 10:06:01
countryCode,"{""token"":""RS"",""label"":""Serbia"",""perCountryLabels"":{}}",06/04/2026,06/04/2026 10:06:01
countryCode,"{""token"":""CS"",""label"":""Serbia and Montenegro"",""perCountryLabels"":{}}",06/04/2026,06/04/2026 10:06:01
countryCode,"{""token"":""SC"",""label"":""Seychelles"",""perCountryLabels"":{}}",06/04/2026,06/04/2026 10:06:01
countryCode,"{""token"":""SL"",""label"":""Sierra Leone"",""perCountryLabels"":{}}",06/04/2026,06/04/2026 10:06:01
countryCode,"{""token"":""SG"",""label"":""Singapore"",""perCountryLabels"":{}}",06/04/2026,06/04/2026 10:06:01
countryCode,"{""token"":""SX"",""label"":""Sint Maarten"",""perCountryLabels"":{}}",06/04/2026,06/04/2026 10:06:01
countryCode,"{""token"":""SK"",""label"":""Slovakia"",""perCountryLabels"":{}}",06/04/2026,06/04/2026 10:06:01
countryCode,"{""token"":""SI"",""label"":""Slovenia"",""perCountryLabels"":{}}",06/04/2026,06/04/2026 10:06:01
countryCode,"{""token"":""SB"",""label"":""Solomon Islands"",""perCountryLabels"":{}}",06/04/2026,06/04/2026 10:06:01
countryCode,"{""token"":""SO"",""label"":""Somalia"",""perCountryLabels"":{}}",06/04/2026,06/04/2026 10:06:01
countryCode,"{""token"":""ZA"",""label"":""South Africa"",""perCountryLabels"":{}}",06/04/2026,06/04/2026 10:06:01
countryCode,"{""token"":""GS"",""label"":""South Georgia and the South Sandwich Islands"",""perCountryLabels"":{}}",06/04/2026,06/04/2026 10:06:01
countryCode,"{""token"":""KR"",""label"":""South Korea"",""perCountryLabels"":{}}",06/04/2026,06/04/2026 10:06:01
countryCode,"{""token"":""SS"",""label"":""South Sudan"",""perCountryLabels"":{}}",06/04/2026,06/04/2026 10:06:01
countryCode,"{""token"":""ES"",""label"":""Spain"",""perCountryLabels"":{}}",06/04/2026,06/04/2026 10:06:01
countryCode,"{""token"":""LK"",""label"":""Sri Lanka"",""perCountryLabels"":{}}",06/04/2026,06/04/2026 10:06:01
countryCode,"{""token"":""SD"",""label"":""Sudan"",""perCountryLabels"":{}}",06/04/2026,06/04/2026 10:06:01
countryCode,"{""token"":""SR"",""label"":""Suriname"",""perCountryLabels"":{}}",06/04/2026,06/04/2026 10:06:01
countryCode,"{""token"":""SJ"",""label"":""Svalbard and Jan Mayen"",""perCountryLabels"":{}}",06/04/2026,06/04/2026 10:06:01
countryCode,"{""token"":""SE"",""label"":""Sweden"",""perCountryLabels"":{}}",06/04/2026,06/04/2026 10:06:01
countryCode,"{""token"":""CH"",""label"":""Switzerland"",""perCountryLabels"":{}}",06/04/2026,06/04/2026 10:06:01
countryCode,"{""token"":""SY"",""label"":""Syria"",""perCountryLabels"":{}}",06/04/2026,06/04/2026 10:06:01
countryCode,"{""token"":""TW"",""label"":""Taiwan"",""perCountryLabels"":{}}",06/04/2026,06/04/2026 10:06:01
countryCode,"{""token"":""TJ"",""label"":""Tajikistan"",""perCountryLabels"":{}}",06/04/2026,06/04/2026 10:06:01
countryCode,"{""token"":""TZ"",""label"":""Tanzania"",""perCountryLabels"":{}}",06/04/2026,06/04/2026 10:06:01
countryCode,"{""token"":""TH"",""label"":""Thailand"",""perCountryLabels"":{}}",06/04/2026,06/04/2026 10:06:01
countryCode,"{""token"":""TL"",""label"":""Timor Leste"",""perCountryLabels"":{}}",06/04/2026,06/04/2026 10:06:01
countryCode,"{""token"":""TG"",""label"":""Togo"",""perCountryLabels"":{}}",06/04/2026,06/04/2026 10:06:01
countryCode,"{""token"":""TK"",""label"":""Tokelau"",""perCountryLabels"":{}}",06/04/2026,06/04/2026 10:06:01
countryCode,"{""token"":""TO"",""label"":""Tonga"",""perCountryLabels"":{}}",06/04/2026,06/04/2026 10:06:01
countryCode,"{""token"":""TT"",""label"":""Trinidad and Tobago"",""perCountryLabels"":{}}",06/04/2026,06/04/2026 10:06:01
countryCode,"{""token"":""TN"",""label"":""Tunisia"",""perCountryLabels"":{}}",06/04/2026,06/04/2026 10:06:01
countryCode,"{""token"":""TR"",""label"":""Turkey"",""perCountryLabels"":{}}",06/04/2026,06/04/2026 10:06:01
countryCode,"{""token"":""TM"",""label"":""Turkmenistan"",""perCountryLabels"":{}}",06/04/2026,06/04/2026 10:06:01
countryCode,"{""token"":""TC"",""label"":""Turks and Caicos Islands"",""perCountryLabels"":{}}",06/04/2026,06/04/2026 10:06:01
countryCode,"{""token"":""TV"",""label"":""Tuvalu"",""perCountryLabels"":{}}",06/04/2026,06/04/2026 10:06:01
countryCode,"{""token"":""VI"",""label"":""U.S. Virgin Islands"",""perCountryLabels"":{}}",06/04/2026,06/04/2026 10:06:01
countryCode,"{""token"":""UG"",""label"":""Uganda"",""perCountryLabels"":{}}",06/04/2026,06/04/2026 10:06:01
countryCode,"{""token"":""UA"",""label"":""Ukraine"",""perCountryLabels"":{}}",06/04/2026,06/04/2026 10:06:01
countryCode,"{""token"":""AE"",""label"":""United Arab Emirates"",""perCountryLabels"":{}}",06/04/2026,06/04/2026 10:06:01
countryCode,"{""token"":""UK"",""label"":""United Kingdom"",""perCountryLabels"":{}}",06/04/2026,06/04/2026 10:06:01
countryCode,"{""token"":""UM"",""label"":""United States Minor Outlying Islands"",""perCountryLabels"":{}}",06/04/2026,06/04/2026 10:06:01
countryCode,"{""token"":""UY"",""label"":""Uruguay"",""perCountryLabels"":{}}",06/04/2026,06/04/2026 10:06:01
countryCode,"{""token"":""UZ"",""label"":""Uzbekistan"",""perCountryLabels"":{}}",06/04/2026,06/04/2026 10:06:01
countryCode,"{""token"":""VU"",""label"":""Vanuatu"",""perCountryLabels"":{}}",06/04/2026,06/04/2026 10:06:01
countryCode,"{""token"":""VA"",""label"":""Vatican"",""perCountryLabels"":{}}",06/04/2026,06/04/2026 10:06:01
countryCode,"{""token"":""VE"",""label"":""Venezuela"",""perCountryLabels"":{}}",06/04/2026,06/04/2026 10:06:01
countryCode,"{""token"":""VN"",""label"":""Vietnam"",""perCountryLabels"":{}}",06/04/2026,06/04/2026 10:06:01
countryCode,"{""token"":""WF"",""label"":""Wallis and Futuna"",""perCountryLabels"":{}}",06/04/2026,06/04/2026 10:06:01
countryCode,"{""token"":""EH"",""label"":""Western Sahara"",""perCountryLabels"":{}}",06/04/2026,06/04/2026 10:06:01
countryCode,"{""token"":""YE"",""label"":""Yemen"",""perCountryLabels"":{}}",06/04/2026,06/04/2026 10:06:01
countryCode,"{""token"":""ZM"",""label"":""Zambia"",""perCountryLabels"":{}}",06/04/2026,06/04/2026 10:06:01
countryCode,"{""token"":""ZW"",""label"":""Zimbabwe"",""perCountryLabels"":{}}",06/04/2026,06/04/2026 10:06:01
coverageTypes,"{""token"":""BUSINESS_AUTO_LIABILITY"",""label"":""Commercial Auto Liability"",""perCountryLabels"":{}}",06/04/2026,06/04/2026 10:06:01
coverageTypes,"{""token"":""COMMERCIAL_CRIME_LIABILITY"",""label"":""Commercial Crime"",""perCountryLabels"":{}}",06/04/2026,06/04/2026 10:06:01
coverageTypes,"{""token"":""COMMERCIAL_GENERAL_LIABILITY"",""label"":""Commercial General Liability"",""perCountryLabels"":{""MX"":""General Liability"",""CR"":""General Liability"",""JM"":""General Liability"",""DO"":""General Liability""}}",06/04/2026,06/04/2026 10:06:01
coverageTypes,"{""token"":""COMMERCIAL_PROPERTY"",""label"":""Commercial Property"",""perCountryLabels"":{}}",06/04/2026,06/04/2026 10:06:01
coverageTypes,"{""token"":""CYBER_LIABILITY"",""label"":""Cyber Liability"",""perCountryLabels"":{}}",06/04/2026,06/04/2026 10:06:01
coverageTypes,"{""token"":""EMPLOYEE_DISHONESTY"",""label"":""Employee Dishonesty"",""perCountryLabels"":{}}",06/04/2026,06/04/2026 10:06:01
coverageTypes,"{""token"":""EMPLOYMENT_PRACTICES_LIABILITY"",""label"":""Employment Practices Liability"",""perCountryLabels"":{}}",06/04/2026,06/04/2026 10:06:01
coverageTypes,"{""token"":""INLAND_MARINE_COMMERCIAL_AUTO"",""label"":""Inland Marine"",""perCountryLabels"":{}}",06/04/2026,06/04/2026 10:06:01
coverageTypes,"{""token"":""OCCUPATIONAL_ACCIDENT"",""label"":""Occupational Accident"",""perCountryLabels"":{}}",06/04/2026,06/04/2026 10:06:01
coverageTypes,"{""token"":""PROFESSIONAL_LIABILITY"",""label"":""Professional Liability"",""perCountryLabels"":{}}",06/04/2026,06/04/2026 10:06:01
coverageTypes,"{""token"":""SEXUAL_ABUSE_AND_MOLESTATION_LIABILITY"",""label"":""Sexual Abuse and Molestation"",""perCountryLabels"":{}}",06/04/2026,06/04/2026 10:06:01
coverageTypes,"{""token"":""UMBRELLA_EXCESS_LIABILITY"",""label"":""Commercial Umbrella & Excess"",""perCountryLabels"":{""MX"":""Umbrella"",""CR"":""Umbrella"",""JM"":""Umbrella"",""DO"":""Umbrella""}}",06/04/2026,06/04/2026 10:06:01
coverageTypes,"{""token"":""WORKERS_COMPENSATION"",""label"":""Workers Compensation"",""perCountryLabels"":{}}",06/04/2026,06/04/2026 10:06:01
coverageTypes,"{""token"":""3RD_PARTY_FIDELITY_BOND"",""label"":""Fidelity Bond"",""perCountryLabels"":{}}",06/04/2026,06/04/2026 10:06:01
coverageTypes,"{""token"":""NON_TRUCKING_LIABILITY"",""label"":""Non-Trucking Liability"",""perCountryLabels"":{}}",06/04/2026,06/04/2026 10:06:01
coverageTypes,"{""token"":""GARAGE_LIABILITY"",""label"":""Garage Liability"",""perCountryLabels"":{}}",06/04/2026,06/04/2026 10:06:01
coverageTypes,"{""token"":""GARAGE_KEEPERS_LIABILITY"",""label"":""Garage Keepers Liability"",""perCountryLabels"":{}}",06/04/2026,06/04/2026 10:06:01
coverageTypes,"{""token"":""PUBLIC_AND_PRODUCTS_LIABILITY"",""label"":""Public and Products Liability"",""perCountryLabels"":{}}",06/04/2026,06/04/2026 10:06:01
coverageTypes,"{""token"":""EMPLOYERS_LIABILITY"",""label"":""Employers Liability"",""perCountryLabels"":{}}",06/04/2026,06/04/2026 10:06:01
coverageTypes,"{""token"":""CARGO_LIABILITY"",""label"":""Cargo Liability"",""perCountryLabels"":{}}",06/04/2026,06/04/2026 10:06:01
coverageTypes,"{""token"":""CONTINGENT_AUTO_LIABILITY"",""label"":""Contingent Auto Liability"",""perCountryLabels"":{}}",06/04/2026,06/04/2026 10:06:01
coverageTypes,"{""token"":""LOSS_OF_INCOME"",""label"":""Loss of Income"",""perCountryLabels"":{}}",06/04/2026,06/04/2026 10:06:01
coverageTypes,"{""token"":""CROP_INSURANCE"",""label"":""Crop Insurance"",""perCountryLabels"":{}}",06/04/2026,06/04/2026 10:06:01
coverageTypes,"{""token"":""FLOOD_INSURANCE"",""label"":""Flood Insurance"",""perCountryLabels"":{}}",06/04/2026,06/04/2026 10:06:01
coverageTypes,"{""token"":""FARMOWNERS"",""label"":""Farmowners"",""perCountryLabels"":{}}",06/04/2026,06/04/2026 10:06:01
coverageTypes,"{""token"":""HOMEOWNERS"",""label"":""Homeowners"",""perCountryLabels"":{}}",06/04/2026,06/04/2026 10:06:01
coverageTypes,"{""token"":""BUILDERS_RISK"",""label"":""Builders Risk"",""perCountryLabels"":{}}",06/04/2026,06/04/2026 10:06:01
coverageTypes,"{""token"":""FLEET"",""label"":""Fleet"",""perCountryLabels"":{}}",06/04/2026,06/04/2026 10:06:01
coverageTypes,"{""token"":""DWELLING"",""label"":""Dwelling"",""perCountryLabels"":{}}",06/04/2026,06/04/2026 10:06:01
coverageTypes,"{""token"":""LIFE_INSURANCE"",""label"":""Life Insurance"",""perCountryLabels"":{}}",06/04/2026,06/04/2026 10:06:01
coverageTypes,"{""token"":""COMMERCIAL_AUTO_PHYSICAL_DAMAGE"",""label"":""Commercial Auto Physical Damage"",""perCountryLabels"":{}}",06/04/2026,06/04/2026 10:06:01
coverageTypes,"{""token"":""PERSONAL_LIABILITY"",""label"":""Personal Liability"",""perCountryLabels"":{}}",06/04/2026,06/04/2026 10:06:01
coverageTypes,"{""token"":""ENVIRONMENTAL_LIABILITY"",""label"":""Environmental Liability"",""perCountryLabels"":{}}",06/04/2026,06/04/2026 10:06:01
coverageTypes,"{""token"":""MEDICAL_ERRORS_AND_OMISSIONS"",""label"":""Medical Errors and Omissions"",""perCountryLabels"":{}}",06/04/2026,06/04/2026 10:06:01
coverageTypes,"{""token"":""MARITIME_EMPLOYERS_LIABILITY"",""label"":""Maritime Employers Liability"",""perCountryLabels"":{}}",06/04/2026,06/04/2026 10:06:01
coverageTypes,"{""token"":""PROTECTION_AND_INDEMNITY"",""label"":""Protection and Indemnity"",""perCountryLabels"":{}}",06/04/2026,06/04/2026 10:06:01
coverageTypes,"{""token"":""AVIATION_LIABILITY"",""label"":""Aviation Liability"",""perCountryLabels"":{}}",06/04/2026,06/04/2026 10:06:01
coverageTypes,"{""token"":""COLLECTIVE_PERSONAL_ACCIDENT_INSURANCE"",""label"":""Collective Personal Accident Insurance"",""perCountryLabels"":{}}",06/04/2026,06/04/2026 10:06:01
coverageTypes,"{""token"":""BAILEES_INSURANCE"",""label"":""Bailees Insurance"",""perCountryLabels"":{}}",06/04/2026,06/04/2026 10:06:01
coverageTypes,"{""token"":""COMMERCIAL_TRAILER_INTERCHANGE"",""label"":""Commercial Trailer Interchange"",""perCountryLabels"":{}}",06/04/2026,06/04/2026 10:06:01
coverageTypes,"{""token"":""RIGGERS_LIABILITY"",""label"":""Riggers Liability"",""perCountryLabels"":{}}",06/04/2026,06/04/2026 10:06:01
coverageTypes,"{""token"":""WAREHOUSE_LEGAL_LIABILITY"",""label"":""Warehouse Legal Liability"",""perCountryLabels"":{}}",06/04/2026,06/04/2026 10:06:01
coverageTypes,"{""token"":""HULL_AND_MACHINERY"",""label"":""Hull and Machinery"",""perCountryLabels"":{}}",06/04/2026,06/04/2026 10:06:01
coverageTypes,"{""token"":""MARINE_GENERAL_LIABILITY"",""label"":""Marine General Liability"",""perCountryLabels"":{}}",06/04/2026,06/04/2026 10:06:01
coverageTypes,"{""token"":""PRODUCTS_AND_COMPLETED_OPERATIONS"",""label"":""Products and Completed Operations"",""perCountryLabels"":{}}",06/04/2026,06/04/2026 10:06:01
coverageTypes,"{""token"":""LONGSHORE_AND_HARBOR_WORKERS_COMPENSATION"",""label"":""Longshore and Harbor Workers Compensation"",""perCountryLabels"":{}}",06/04/2026,06/04/2026 10:06:01
coverageTypes,"{""token"":""CONTINGENT_CARGO_LIABILITY"",""label"":""Contingent Cargo Liability"",""perCountryLabels"":{}}",06/04/2026,06/04/2026 10:06:01
coverageTypes,"{""token"":""MEDIA_LIABILITY"",""label"":""Media Liability"",""perCountryLabels"":{}}",06/04/2026,06/04/2026 10:06:01
coverageTypes,"{""token"":""TECHNOLOGY_LIABILITY"",""label"":""Technology Liability"",""perCountryLabels"":{}}",06/04/2026,06/04/2026 10:06:01
coverageTypes,"{""token"":""BOATOWNERS"",""label"":""Boatowners"",""perCountryLabels"":{}}",06/04/2026,06/04/2026 10:06:01
coverageTypes,"{""token"":""YACHT_INSURANCE"",""label"":""Yacht Insurance"",""perCountryLabels"":{}}",06/04/2026,06/04/2026 10:06:01
coverageTypes,"{""token"":""WATERCRAFT"",""label"":""Watercraft"",""perCountryLabels"":{}}",06/04/2026,06/04/2026 10:06:01
coverageTypes,"{""token"":""LEASED_OR_RENTED_EQUIPMENT"",""label"":""Leased or Rented Equipment"",""perCountryLabels"":{}}",06/04/2026,06/04/2026 10:06:01
coverageTypes,"{""token"":""STUDENT_ACCIDENT_MEDICAL"",""label"":""Student Accident/Medical"",""perCountryLabels"":{}}",06/04/2026,06/04/2026 10:06:01
coverageTypes,"{""token"":""SURETY_BOND"",""label"":""Surety Bond"",""perCountryLabels"":{}}",06/04/2026,06/04/2026 10:06:01
coverageTypes,"{""token"":""LIQUOR_LIABILITY"",""label"":""Liquor Liability"",""perCountryLabels"":{}}",06/04/2026,06/04/2026 10:06:01
coverageTypes,"{""token"":""MOTORCYCLE_INSURANCE"",""label"":""Motorcycle Insurance"",""perCountryLabels"":{}}",06/04/2026,06/04/2026 10:06:01
coverageTypes,"{""token"":""AUTO_INSURANCE"",""label"":""Auto Insurance"",""perCountryLabels"":{}}",06/04/2026,06/04/2026 10:06:01
coverageTypes,"{""token"":""ELECTRONIC_DATA_PROCESSING_INSURANCE"",""label"":""Electronic Data Processing Insurance"",""perCountryLabels"":{}}",06/04/2026,06/04/2026 10:06:01
coverageTypes,"{""token"":""VALUABLE_PAPERS_INSURANCE"",""label"":""Valuable Papers Insurance"",""perCountryLabels"":{}}",06/04/2026,06/04/2026 10:06:01
coverageTypes,"{""token"":""EQUIPMENT_BREAKDOWN_INSURANCE"",""label"":""Equipment Breakdown Insurance"",""perCountryLabels"":{}}",06/04/2026,06/04/2026 10:06:01
coverageTypes,"{""token"":""W9_FORM"",""label"":""W-9 Form"",""perCountryLabels"":{}}",06/04/2026,06/04/2026 10:06:01
coverageTypes,"{""token"":""W8_BEN_FORM"",""label"":""W-8 BEN Form"",""perCountryLabels"":{}}",06/04/2026,06/04/2026 10:06:01
coverageTypes,"{""token"":""HOLD_HARMLESS_AGREEMENT"",""label"":""Hold Harmless Agreement"",""perCountryLabels"":{}}",06/04/2026,06/04/2026 10:06:01
coverageTypes,"{""token"":""PROOF_OF_PAYMENT"",""label"":""Proof of Payment"",""perCountryLabels"":{}}",06/04/2026,06/04/2026 10:06:01
coverageTypes,"{""token"":""CONTRACT"",""label"":""Contract"",""perCountryLabels"":{}}",06/04/2026,06/04/2026 10:06:01
coverageTypes,"{""token"":""DECLARATIONS_PAGE"",""label"":""Declarations Page"",""perCountryLabels"":{}}",06/04/2026,06/04/2026 10:06:01
coverageTypes,"{""token"":""SCHEDULE_OF_FORMS_AND_ENDORSEMENTS"",""label"":""Schedule of Forms and Endorsements"",""perCountryLabels"":{}}",06/04/2026,06/04/2026 10:06:01
coverageTypes,"{""token"":""WORKERS_COMPENSATION_WAIVER"",""label"":""Workers Compensation Waiver"",""perCountryLabels"":{}}",06/04/2026,06/04/2026 10:06:01
coverageTypes,"{""token"":""EARTHQUAKE_INSURANCE"",""label"":""Earthquake Insurance"",""perCountryLabels"":{}}",06/04/2026,06/04/2026 10:06:01
coverageTypes,"{""token"":""CRANE_LIABILITY"",""label"":""Crane Liability"",""perCountryLabels"":{}}",06/04/2026,06/04/2026 10:06:01
coverageTypes,"{""token"":""DIRECTORS_AND_OFFICERS_LIABILITY"",""label"":""Directors and Officers Liability"",""perCountryLabels"":{}}",06/04/2026,06/04/2026 10:06:01
coverageTypes,"{""token"":""BARBER_OR_HAIR_DESIGN"",""label"":""Barber or Hair Design"",""perCountryLabels"":{}}",06/04/2026,06/04/2026 10:06:01
coverageTypes,"{""token"":""CLIMBING"",""label"":""Climbing"",""perCountryLabels"":{}}",06/04/2026,06/04/2026 10:06:01
coverageTypes,"{""token"":""CONTRACTOR_LICENSE"",""label"":""Contractor License"",""perCountryLabels"":{}}",06/04/2026,06/04/2026 10:06:01
coverageTypes,"{""token"":""COSMETOLOGIST"",""label"":""Cosmetologist"",""perCountryLabels"":{}}",06/04/2026,06/04/2026 10:06:01
coverageTypes,"{""token"":""DRIVERS_LICENSE"",""label"":""Drivers License"",""perCountryLabels"":{}}",06/04/2026,06/04/2026 10:06:01
coverageTypes,"{""token"":""ELECTRICIAN_LICENSE"",""label"":""Electrician License"",""perCountryLabels"":{}}",06/04/2026,06/04/2026 10:06:01
coverageTypes,"{""token"":""ESTHETICIAN"",""label"":""Esthetician"",""perCountryLabels"":{}}",06/04/2026,06/04/2026 10:06:01
coverageTypes,"{""token"":""FLYING_LICENSE"",""label"":""Flying License"",""perCountryLabels"":{}}",06/04/2026,06/04/2026 10:06:01
coverageTypes,"{""token"":""FOOD_SERVICES"",""label"":""Food Services"",""perCountryLabels"":{}}",06/04/2026,06/04/2026 10:06:01
coverageTypes,"{""token"":""HANGLIDING_PARAGLIDING"",""label"":""Hangliding/Paragliding"",""perCountryLabels"":{}}",06/04/2026,06/04/2026 10:06:01
coverageTypes,"{""token"":""HANG_GLIDING_PARAGLIDING"",""label"":""Hang Gliding/Paragliding"",""perCountryLabels"":{}}",06/04/2026,06/04/2026 10:06:01
coverageTypes,"{""token"":""HOSPITALITY"",""label"":""Hospitality"",""perCountryLabels"":{}}",06/04/2026,06/04/2026 10:06:01
coverageTypes,"{""token"":""HVAC_LICENSE"",""label"":""HVAC License"",""perCountryLabels"":{}}",06/04/2026,06/04/2026 10:06:01
coverageTypes,"{""token"":""MANICURIST_OR_NAIL_TECH"",""label"":""Manicurist or Nail Technician"",""perCountryLabels"":{}}",06/04/2026,06/04/2026 10:06:01
coverageTypes,"{""token"":""MASSAGE_THERAPIST"",""label"":""Massage Therapist"",""perCountryLabels"":{}}",06/04/2026,06/04/2026 10:06:01
coverageTypes,"{""token"":""MOTORCYCLE_LICENSE"",""label"":""Motorcycle License"",""perCountryLabels"":{}}",06/04/2026,06/04/2026 10:06:01
coverageTypes,"{""token"":""PLUMBER_LICENSE"",""label"":""Plumber License"",""perCountryLabels"":{}}",06/04/2026,06/04/2026 10:06:01
coverageTypes,"{""token"":""RAFTING_CERTIFICATION"",""label"":""Rafting Certification"",""perCountryLabels"":{}}",06/04/2026,06/04/2026 10:06:01
coverageTypes,"{""token"":""SCUBA_CERTIFICATION"",""label"":""SCUBA Certification"",""perCountryLabels"":{}}",06/04/2026,06/04/2026 10:06:01
coverageTypes,"{""token"":""SPECIAL_EVENT_USE"",""label"":""Special Event/Use"",""perCountryLabels"":{}}",06/04/2026,06/04/2026 10:06:01
coverageTypes,"{""token"":""TOURISM"",""label"":""Tourism"",""perCountryLabels"":{}}",06/04/2026,06/04/2026 10:06:01
coverageTypes,"{""token"":""TRANSPORTATION"",""label"":""Transportation"",""perCountryLabels"":{}}",06/04/2026,06/04/2026 10:06:01
coverageTypes,"{""token"":""WATERCRAFT_LICENSE"",""label"":""Watercraft License"",""perCountryLabels"":{}}",06/04/2026,06/04/2026 10:06:01
coverageTypes,"{""token"":""WEAPONS_LICENSE"",""label"":""Weapons License"",""perCountryLabels"":{}}",06/04/2026,06/04/2026 10:06:01
coverageTypes,"{""token"":""BUSINESS_ENTITY_RESOLUTION"",""label"":""Business Entity Resolution"",""perCountryLabels"":{}}",06/04/2026,06/04/2026 10:06:01
coverageTypes,"{""token"":""BUSINESS_REGISTRATION"",""label"":""Business Registration"",""perCountryLabels"":{}}",06/04/2026,06/04/2026 10:06:01
coverageTypes,"{""token"":""BUSINESS_WEB_PRESENCE"",""label"":""Business Web Presence"",""perCountryLabels"":{}}",06/04/2026,06/04/2026 10:06:01
coverageTypes,"{""token"":""BUSINESS_CONTACT_AFFILIATION"",""label"":""Business Contact Affiliation"",""perCountryLabels"":{}}",06/04/2026,06/04/2026 10:06:01
coverageTypes,"{""token"":""BUSINESS_REGULATORY_COMPLIANCE_OR_WATCHLIST"",""label"":""Business Regulatory Compliance/Watchlist"",""perCountryLabels"":{}}",06/04/2026,06/04/2026 10:06:01
coverageTypes,"{""token"":""MVR"",""label"":""US Motor Vehicle Record"",""perCountryLabels"":{}}",06/04/2026,06/04/2026 10:06:01
coverageTypes,"{""token"":""E_SIGNATURE"",""label"":""E-Signature"",""perCountryLabels"":{}}",06/04/2026,06/04/2026 10:06:01
coverageTypes,"{""token"":""AUTO_INSURANCE_WAIVER"",""label"":""Auto Insurance Waiver"",""perCountryLabels"":{}}",06/04/2026,06/04/2026 10:06:01
coverageTypes,"{""token"":""CUSTOM_AGREEMENT_REVIEW"",""label"":""Custom Agreement Review"",""perCountryLabels"":{}}",06/04/2026,06/04/2026 10:06:01
verificationStatus,"{""token"":""ACTIONS_REVIEW"",""label"":""Actions Review"",""perCountryLabels"":{}}",06/04/2026,06/04/2026 10:06:01
verificationStatus,"{""token"":""AUDIT"",""label"":""Audit"",""perCountryLabels"":{}}",06/04/2026,06/04/2026 10:06:01
verificationStatus,"{""token"":""PROCESSING"",""label"":""Processing"",""perCountryLabels"":{}}",06/04/2026,06/04/2026 10:06:01
verificationStatus,"{""token"":""PENDING_INSURED_SUBMISSION"",""label"":""Pending Insured Submission"",""perCountryLabels"":{}}",06/04/2026,06/04/2026 10:06:01
verificationStatus,"{""token"":""PRODUCER_OUTREACH"",""label"":""Producer Outreach"",""perCountryLabels"":{}}",06/04/2026,06/04/2026 10:06:01
verificationStatus,"{""token"":""MEMBER_OUTREACH"",""label"":""Member Outreach"",""perCountryLabels"":{}}",06/04/2026,06/04/2026 10:06:01
verificationStatus,"{""token"":""EXHAUSTED"",""label"":""Exhausted"",""perCountryLabels"":{}}",06/04/2026,06/04/2026 10:06:01
verificationStatus,"{""token"":""NO_INSURED_RESPONSE"",""label"":""No Insured Response"",""perCountryLabels"":{}}",06/04/2026,06/04/2026 10:06:01
verificationStatus,"{""token"":""COMPLETE"",""label"":""Complete"",""perCountryLabels"":{}}",06/04/2026,06/04/2026 10:06:01
automobilesCovered,"{""token"":""SCHEDULED_AUTOS"",""label"":""Scheduled Autos"",""perCountryLabels"":{}}",06/04/2026,06/04/2026 10:06:01
automobilesCovered,"{""token"":""ALL_OWNED_AUTOS"",""label"":""All-owned Autos"",""perCountryLabels"":{}}",06/04/2026,06/04/2026 10:06:01
automobilesCovered,"{""token"":""ANY_AUTO"",""label"":""Any Auto"",""perCountryLabels"":{}}",06/04/2026,06/04/2026 10:06:01
automobilesCovered,"{""token"":""HIRED_AUTOS"",""label"":""Hired Autos"",""perCountryLabels"":{}}",06/04/2026,06/04/2026 10:06:01
automobilesCovered,"{""token"":""NON_OWNED_AUTOS"",""label"":""Non-owned Autos"",""perCountryLabels"":{}}",06/04/2026,06/04/2026 10:06:01
physicalDamageCoverageValuationMethod,"{""token"":""REPLACEMENT_COST"",""label"":""Replacement Cost"",""perCountryLabels"":{}}",06/04/2026,06/04/2026 10:06:01
physicalDamageCoverageValuationMethod,"{""token"":""ACTUAL_CASH_VALUE"",""label"":""Actual Cash Value"",""perCountryLabels"":{}}",06/04/2026,06/04/2026 10:06:01
limits,"{""token"":""PER_STATUTE_STATUTORY_LIMITS"",""label"":""Per Statute/Statutory Limits"",""perCountryLabels"":{}}",06/04/2026,06/04/2026 10:06:01
limits,"{""token"":""OTHER"",""label"":""Other"",""perCountryLabels"":{}}",06/04/2026,06/04/2026 10:06:01
valuation,"{""token"":""REPLACEMENT_COST"",""label"":""Replacement Cost"",""perCountryLabels"":{}}",06/04/2026,06/04/2026 10:06:01
valuation,"{""token"":""ACTUAL_CASH_VALUE"",""label"":""Actual Cash Value"",""perCountryLabels"":{}}",06/04/2026,06/04/2026 10:06:01
perilsInsured,"{""token"":""BASIC"",""label"":""Basic"",""perCountryLabels"":{}}",06/04/2026,06/04/2026 10:06:01
perilsInsured,"{""token"":""BROAD"",""label"":""Broad"",""perCountryLabels"":{}}",06/04/2026,06/04/2026 10:06:01
perilsInsured,"{""token"":""SPECIAL"",""label"":""Special"",""perCountryLabels"":{}}",06/04/2026,06/04/2026 10:06:01
occurrenceOrClaimsMade,"{""token"":""OCCURRENCE"",""label"":""Occurrence"",""perCountryLabels"":{}}",06/04/2026,06/04/2026 10:06:01
occurrenceOrClaimsMade,"{""token"":""CLAIMS_MADE"",""label"":""Claims-Made"",""perCountryLabels"":{}}",06/04/2026,06/04/2026 10:06:01
limitAppliesPer,"{""token"":""LOCATION"",""label"":""Location"",""perCountryLabels"":{}}",06/04/2026,06/04/2026 10:06:01
limitAppliesPer,"{""token"":""POLICY"",""label"":""Policy"",""perCountryLabels"":{}}",06/04/2026,06/04/2026 10:06:01
limitAppliesPer,"{""token"":""PROJECT"",""label"":""Project"",""perCountryLabels"":{}}",06/04/2026,06/04/2026 10:06:01
limitAppliesPer,"{""token"":""OTHER"",""label"":""Other"",""perCountryLabels"":{}}",06/04/2026,06/04/2026 10:06:01
coverageBasis,"{""token"":""LEGAL_LIABILITY"",""label"":""Legal Liability"",""perCountryLabels"":{}}",06/04/2026,06/04/2026 10:06:01
coverageBasis,"{""token"":""DIRECT_BASIS_PRIMARY"",""label"":""Direct Basis - Primary"",""perCountryLabels"":{}}",06/04/2026,06/04/2026 10:06:01
coverageBasis,"{""token"":""DIRECT_BASIS_EXCESS"",""label"":""Direct Basis - Excess"",""perCountryLabels"":{}}",06/04/2026,06/04/2026 10:06:01
generalAggregateLimitAppliesPer,"{""token"":""LOCATION"",""label"":""Location"",""perCountryLabels"":{}}",06/04/2026,06/04/2026 10:06:01
generalAggregateLimitAppliesPer,"{""token"":""POLICY"",""label"":""Policy"",""perCountryLabels"":{}}",06/04/2026,06/04/2026 10:06:01
generalAggregateLimitAppliesPer,"{""token"":""PROJECT"",""label"":""Project"",""perCountryLabels"":{}}",06/04/2026,06/04/2026 10:06:01
generalAggregateLimitAppliesPer,"{""token"":""OTHER"",""label"":""Other"",""perCountryLabels"":{}}",06/04/2026,06/04/2026 10:06:01
currency,"{""token"":""OMR"",""label"":""Rial Omani (OMR)"",""perCountryLabels"":{}}",06/04/2026,06/04/2026 10:06:01
currency,"{""token"":""YUD"",""label"":""New Yugoslavian Dinar (YUD)"",""perCountryLabels"":{}}",06/04/2026,06/04/2026 10:06:01
currency,"{""token"":""CUC"",""label"":""Peso Convertible (CUC)"",""perCountryLabels"":{}}",06/04/2026,06/04/2026 10:06:01
currency,"{""token"":""SRG"",""label"":""Surinam Guilder (SRG)"",""perCountryLabels"":{}}",06/04/2026,06/04/2026 10:06:01
currency,"{""token"":""BBD"",""label"":""Barbados Dollar (BBD)"",""perCountryLabels"":{}}",06/04/2026,06/04/2026 10:06:01
currency,"{""token"":""PLN"",""label"":""Zloty (PLN)"",""perCountryLabels"":{}}",06/04/2026,06/04/2026 10:06:01
currency,"{""token"":""TJS"",""label"":""Somoni (TJS)"",""perCountryLabels"":{}}",06/04/2026,06/04/2026 10:06:01
currency,"{""token"":""TND"",""label"":""Tunisian Dinar (TND)"",""perCountryLabels"":{}}",06/04/2026,06/04/2026 10:06:01
currency,"{""token"":""MVQ"",""label"":""Maldive Rupee (MVQ)"",""perCountryLabels"":{}}",06/04/2026,06/04/2026 10:06:01
currency,"{""token"":""GNF"",""label"":""Guinean Franc (GNF)"",""perCountryLabels"":{}}",06/04/2026,06/04/2026 10:06:01
currency,"{""token"":""SDG"",""label"":""Sudanese Pound (SDG)"",""perCountryLabels"":{}}",06/04/2026,06/04/2026 10:06:01
currency,"{""token"":""TMM"",""label"":""Turkmenistan Manat (TMM)"",""perCountryLabels"":{}}",06/04/2026,06/04/2026 10:06:01
currency,"{""token"":""UGW"",""label"":""Old Shilling (UGW)"",""perCountryLabels"":{}}",06/04/2026,06/04/2026 10:06:01
currency,"{""token"":""SVC"",""label"":""El Salvador Colon (SVC)"",""perCountryLabels"":{}}",06/04/2026,06/04/2026 10:06:01
currency,"{""token"":""ECV"",""label"":""Unidad de Valor Constante (UVC) (ECV)"",""perCountryLabels"":{}}",06/04/2026,06/04/2026 10:06:01
currency,"{""token"":""BMD"",""label"":""Bermudian Dollar (BMD)"",""perCountryLabels"":{}}",06/04/2026,06/04/2026 10:06:01
currency,"{""token"":""MRU"",""label"":""Ouguiya (MRU)"",""perCountryLabels"":{}}",06/04/2026,06/04/2026 10:06:01
currency,"{""token"":""XBB"",""label"":""Bond Markets Unit European Monetary Unit (E.M.U.-6) (XBB)"",""perCountryLabels"":{}}",06/04/2026,06/04/2026 10:06:01
currency,"{""token"":""PKR"",""label"":""Pakistan Rupee (PKR)"",""perCountryLabels"":{}}",06/04/2026,06/04/2026 10:06:01
currency,"{""token"":""FKP"",""label"":""Falkland Islands Pound (FKP)"",""perCountryLabels"":{}}",06/04/2026,06/04/2026 10:06:01
currency,"{""token"":""LSM"",""label"":""Loti (LSM)"",""perCountryLabels"":{}}",06/04/2026,06/04/2026 10:06:01
currency,"{""token"":""MUR"",""label"":""Mauritius Rupee (MUR)"",""perCountryLabels"":{}}",06/04/2026,06/04/2026 10:06:01
currency,"{""token"":""XAF"",""label"":""CFA Franc BEAC (XAF)"",""perCountryLabels"":{}}",06/04/2026,06/04/2026 10:06:01
currency,"{""token"":""SAR"",""label"":""Saudi Riyal (SAR)"",""perCountryLabels"":{}}",06/04/2026,06/04/2026 10:06:01
currency,"{""token"":""VEF"",""label"":""Bolívar (VEF)"",""perCountryLabels"":{}}",06/04/2026,06/04/2026 10:06:01
currency,"{""token"":""CAD"",""label"":""Canadian Dollar (CAD)"",""perCountryLabels"":{}}",06/04/2026,06/04/2026 10:06:01
currency,"{""token"":""HKD"",""label"":""Hong Kong Dollar (HKD)"",""perCountryLabels"":{}}",06/04/2026,06/04/2026 10:06:01
currency,"{""token"":""PYG"",""label"":""Guarani (PYG)"",""perCountryLabels"":{}}",06/04/2026,06/04/2026 10:06:01
currency,"{""token"":""MGA"",""label"":""Malagasy Ariary (MGA)"",""perCountryLabels"":{}}",06/04/2026,06/04/2026 10:06:01
currency,"{""token"":""UYI"",""label"":""Uruguay Peso en Unidades Indexadas (UI) (UYI)"",""perCountryLabels"":{}}",06/04/2026,06/04/2026 10:06:01
currency,"{""token"":""AUD"",""label"":""Australian Dollar (AUD)"",""perCountryLabels"":{}}",06/04/2026,06/04/2026 10:06:01
currency,"{""token"":""AMD"",""label"":""Armenian Dram (AMD)"",""perCountryLabels"":{}}",06/04/2026,06/04/2026 10:06:01
currency,"{""token"":""BYB"",""label"":""Belarusian Ruble (BYB)"",""perCountryLabels"":{}}",06/04/2026,06/04/2026 10:06:01
currency,"{""token"":""YER"",""label"":""Yemeni Rial (YER)"",""perCountryLabels"":{}}",06/04/2026,06/04/2026 10:06:01
currency,"{""token"":""AFA"",""label"":""Afghani (AFA)"",""perCountryLabels"":{}}",06/04/2026,06/04/2026 10:06:01
currency,"{""token"":""CHE"",""label"":""WIR Euro (CHE)"",""perCountryLabels"":{}}",06/04/2026,06/04/2026 10:06:01
currency,"{""token"":""GQE"",""label"":""Ekwele (GQE)"",""perCountryLabels"":{}}",06/04/2026,06/04/2026 10:06:01
currency,"{""token"":""SEK"",""label"":""Swedish Krona (SEK)"",""perCountryLabels"":{}}",06/04/2026,06/04/2026 10:06:01
currency,"{""token"":""LVR"",""label"":""Latvian Ruble (LVR)"",""perCountryLabels"":{}}",06/04/2026,06/04/2026 10:06:01
currency,"{""token"":""TRY"",""label"":""New Turkish Lira (TRY)"",""perCountryLabels"":{}}",06/04/2026,06/04/2026 10:06:01
currency,"{""token"":""XBC"",""label"":""Bond Markets Unit European Unit of Account 9 (E.U.A.-9) (XBC)"",""perCountryLabels"":{}}",06/04/2026,06/04/2026 10:06:01
currency,"{""token"":""ESB"",""label"":""\""A\"" Account (convertible Peseta Account) (ESB)"",""perCountryLabels"":{}}",06/04/2026,06/04/2026 10:06:01
currency,"{""token"":""MMK"",""label"":""Kyat (MMK)"",""perCountryLabels"":{}}",06/04/2026,06/04/2026 10:06:01
currency,"{""token"":""GNS"",""label"":""Syli (GNS)"",""perCountryLabels"":{}}",06/04/2026,06/04/2026 10:06:01
currency,"{""token"":""UAK"",""label"":""Karbovanet (UAK)"",""perCountryLabels"":{}}",06/04/2026,06/04/2026 10:06:01
currency,"{""token"":""BUK"",""label"":""Kyat (BUK)"",""perCountryLabels"":{}}",06/04/2026,06/04/2026 10:06:01
currency,"{""token"":""ISJ"",""label"":""Old Krona (ISJ)"",""perCountryLabels"":{}}",06/04/2026,06/04/2026 10:06:01
currency,"{""token"":""KES"",""label"":""Kenyan Shilling (KES)"",""perCountryLabels"":{}}",06/04/2026,06/04/2026 10:06:01
currency,"{""token"":""GEL"",""label"":""Lari (GEL)"",""perCountryLabels"":{}}",06/04/2026,06/04/2026 10:06:01
currency,"{""token"":""XFO"",""label"":""Gold-Franc (XFO)"",""perCountryLabels"":{}}",06/04/2026,06/04/2026 10:06:01
currency,"{""token"":""LAJ"",""label"":""Pathet Lao Kip (LAJ)"",""perCountryLabels"":{}}",06/04/2026,06/04/2026 10:06:01
currency,"{""token"":""AOK"",""label"":""Kwanza (AOK)"",""perCountryLabels"":{}}",06/04/2026,06/04/2026 10:06:01
currency,"{""token"":""GTQ"",""label"":""Quetzal (GTQ)"",""perCountryLabels"":{}}",06/04/2026,06/04/2026 10:06:01
currency,"{""token"":""ZRN"",""label"":""New Zaire (ZRN)"",""perCountryLabels"":{}}",06/04/2026,06/04/2026 10:06:01
currency,"{""token"":""TZS"",""label"":""Tanzanian Shilling (TZS)"",""perCountryLabels"":{}}",06/04/2026,06/04/2026 10:06:01
currency,"{""token"":""MXP"",""label"":""Mexican Peso (MXP)"",""perCountryLabels"":{}}",06/04/2026,06/04/2026 10:06:01
currency,"{""token"":""BEL"",""label"":""Financial Franc (BEL)"",""perCountryLabels"":{}}",06/04/2026,06/04/2026 10:06:01
currency,"{""token"":""CUP"",""label"":""Cuban Peso (CUP)"",""perCountryLabels"":{}}",06/04/2026,06/04/2026 10:06:01
currency,"{""token"":""ALL"",""label"":""Lek (ALL)"",""perCountryLabels"":{}}",06/04/2026,06/04/2026 10:06:01
currency,"{""token"":""XRE"",""label"":""RINET Funds Code (XRE)"",""perCountryLabels"":{}}",06/04/2026,06/04/2026 10:06:01
currency,"{""token"":""ERN"",""label"":""Nakfa (ERN)"",""perCountryLabels"":{}}",06/04/2026,06/04/2026 10:06:01
currency,"{""token"":""BRL"",""label"":""Brazilian Real (BRL)"",""perCountryLabels"":{}}",06/04/2026,06/04/2026 10:06:01
currency,"{""token"":""YUN"",""label"":""Yugoslavian Dinar (YUN)"",""perCountryLabels"":{}}",06/04/2026,06/04/2026 10:06:01
currency,"{""token"":""USS"",""label"":""US Dollar (Same day) (USS)"",""perCountryLabels"":{}}",06/04/2026,06/04/2026 10:06:01
currency,"{""token"":""UGX"",""label"":""Uganda Shilling (UGX)"",""perCountryLabels"":{}}",06/04/2026,06/04/2026 10:06:01
currency,"{""token"":""CYP"",""label"":""Cyprus Pound (CYP)"",""perCountryLabels"":{}}",06/04/2026,06/04/2026 10:06:01
currency,"{""token"":""GIP"",""label"":""Gibraltar Pound (GIP)"",""perCountryLabels"":{}}",06/04/2026,06/04/2026 10:06:01
currency,"{""token"":""MZN"",""label"":""Mozambique Metical (MZN)"",""perCountryLabels"":{}}",06/04/2026,06/04/2026 10:06:01
currency,"{""token"":""ARY"",""label"":""Peso (ARY)"",""perCountryLabels"":{}}",06/04/2026,06/04/2026 10:06:01
currency,"{""token"":""KRW"",""label"":""Won (KRW)"",""perCountryLabels"":{}}",06/04/2026,06/04/2026 10:06:01
currency,"{""token"":""XUA"",""label"":""ADB Unit of Account (XUA)"",""perCountryLabels"":{}}",06/04/2026,06/04/2026 10:06:01
currency,"{""token"":""HRD"",""label"":""Croatian Dinar (HRD)"",""perCountryLabels"":{}}",06/04/2026,06/04/2026 10:06:01
currency,"{""token"":""LUC"",""label"":""Luxembourg Convertible Franc (LUC)"",""perCountryLabels"":{}}",06/04/2026,06/04/2026 10:06:01
currency,"{""token"":""JOD"",""label"":""Jordanian Dinar (JOD)"",""perCountryLabels"":{}}",06/04/2026,06/04/2026 10:06:01
currency,"{""token"":""IQD"",""label"":""Iraqi Dinar (IQD)"",""perCountryLabels"":{}}",06/04/2026,06/04/2026 10:06:01
currency,"{""token"":""VUV"",""label"":""Vatu (VUV)"",""perCountryLabels"":{}}",06/04/2026,06/04/2026 10:06:01
currency,"{""token"":""XXX"",""label"":""The codes assigned for transactions where no currency is involved (XXX)"",""perCountryLabels"":{}}",06/04/2026,06/04/2026 10:06:01
currency,"{""token"":""UZS"",""label"":""Uzbekistan Sum (UZS)"",""perCountryLabels"":{}}",06/04/2026,06/04/2026 10:06:01
currency,"{""token"":""BOV"",""label"":""Mvdol (BOV)"",""perCountryLabels"":{}}",06/04/2026,06/04/2026 10:06:01
currency,"{""token"":""DEM"",""label"":""Deutsche Mark (DEM)"",""perCountryLabels"":{}}",06/04/2026,06/04/2026 10:06:01
currency,"{""token"":""UGS"",""label"":""Uganda Shilling (UGS)"",""perCountryLabels"":{}}",06/04/2026,06/04/2026 10:06:01
currency,"{""token"":""BAD"",""label"":""Dinar (BAD)"",""perCountryLabels"":{}}",06/04/2026,06/04/2026 10:06:01
currency,"{""token"":""IEP"",""label"":""Irish Pound (IEP)"",""perCountryLabels"":{}}",06/04/2026,06/04/2026 10:06:01
currency,"{""token"":""UAH"",""label"":""Hryvnia (UAH)"",""perCountryLabels"":{}}",06/04/2026,06/04/2026 10:06:01
currency,"{""token"":""LVL"",""label"":""Latvian Lats (LVL)"",""perCountryLabels"":{}}",06/04/2026,06/04/2026 10:06:01
currency,"{""token"":""GEK"",""label"":""Georgian Coupon (GEK)"",""perCountryLabels"":{}}",06/04/2026,06/04/2026 10:06:01
currency,"{""token"":""KMF"",""label"":""Comorian Franc (KMF)"",""perCountryLabels"":{}}",06/04/2026,06/04/2026 10:06:01
currency,"{""token"":""DOP"",""label"":""Dominican Peso (DOP)"",""perCountryLabels"":{}}",06/04/2026,06/04/2026 10:06:01
currency,"{""token"":""BDT"",""label"":""Taka (BDT)"",""perCountryLabels"":{}}",06/04/2026,06/04/2026 10:06:01
currency,"{""token"":""LKR"",""label"":""Sri Lanka Rupee (LKR)"",""perCountryLabels"":{}}",06/04/2026,06/04/2026 10:06:01
currency,"{""token"":""NIC"",""label"":""Cordoba (NIC)"",""perCountryLabels"":{}}",06/04/2026,06/04/2026 10:06:01
currency,"{""token"":""GWE"",""label"":""Guinea Escudo (GWE)"",""perCountryLabels"":{}}",06/04/2026,06/04/2026 10:06:01
currency,"{""token"":""PLZ"",""label"":""Zloty (PLZ)"",""perCountryLabels"":{}}",06/04/2026,06/04/2026 10:06:01
currency,"{""token"":""ZWD"",""label"":""Zimbabwe Dollar (ZWD)"",""perCountryLabels"":{}}",06/04/2026,06/04/2026 10:06:01
currency,"{""token"":""PEN"",""label"":""Nuevo Sol (PEN)"",""perCountryLabels"":{}}",06/04/2026,06/04/2026 10:06:01
currency,"{""token"":""FJD"",""label"":""Fiji Dollar (FJD)"",""perCountryLabels"":{}}",06/04/2026,06/04/2026 10:06:01
currency,"{""token"":""LSL"",""label"":""Loti (LSL)"",""perCountryLabels"":{}}",06/04/2026,06/04/2026 10:06:01
currency,"{""token"":""ATS"",""label"":""Schilling (ATS)"",""perCountryLabels"":{}}",06/04/2026,06/04/2026 10:06:01
currency,"{""token"":""BSD"",""label"":""Bahamian Dollar (BSD)"",""perCountryLabels"":{}}",06/04/2026,06/04/2026 10:06:01
currency,"{""token"":""SRD"",""label"":""Surinam Dollar (SRD)"",""perCountryLabels"":{}}",06/04/2026,06/04/2026 10:06:01
currency,"{""token"":""GRD"",""label"":""Drachma (GRD)"",""perCountryLabels"":{}}",06/04/2026,06/04/2026 10:06:01
currency,"{""token"":""XTS"",""label"":""Codes specifically reserved for testing purposes (XTS)"",""perCountryLabels"":{}}",06/04/2026,06/04/2026 10:06:01
currency,"{""token"":""SHP"",""label"":""Saint Helena Pound (SHP)"",""perCountryLabels"":{}}",06/04/2026,06/04/2026 10:06:01
currency,"{""token"":""LRD"",""label"":""Liberian Dollar (LRD)"",""perCountryLabels"":{}}",06/04/2026,06/04/2026 10:06:01
currency,"{""token"":""LTL"",""label"":""Lithuanian Litas (LTL)"",""perCountryLabels"":{}}",06/04/2026,06/04/2026 10:06:01
currency,"{""token"":""QAR"",""label"":""Qatari Rial (QAR)"",""perCountryLabels"":{}}",06/04/2026,06/04/2026 10:06:01
currency,"{""token"":""MZM"",""label"":""Mozambique Metical (MZM)"",""perCountryLabels"":{}}",06/04/2026,06/04/2026 10:06:01
currency,"{""token"":""BND"",""label"":""Brunei Dollar (BND)"",""perCountryLabels"":{}}",06/04/2026,06/04/2026 10:06:01
currency,"{""token"":""VEB"",""label"":""Bolivar (VEB)"",""perCountryLabels"":{}}",06/04/2026,06/04/2026 10:06:01
currency,"{""token"":""CDF"",""label"":""Congolese Franc (CDF)"",""perCountryLabels"":{}}",06/04/2026,06/04/2026 10:06:01
currency,"{""token"":""STD"",""label"":""Dobra (STD)"",""perCountryLabels"":{}}",06/04/2026,06/04/2026 10:06:01
currency,"{""token"":""USN"",""label"":""US Dollar (Next day) (USN)"",""perCountryLabels"":{}}",06/04/2026,06/04/2026 10:06:01
currency,"{""token"":""VES"",""label"":""Bolívar Soberano (VES)"",""perCountryLabels"":{}}",06/04/2026,06/04/2026 10:06:01
currency,"{""token"":""AOR"",""label"":""Kwanza Reajustado (AOR)"",""perCountryLabels"":{}}",06/04/2026,06/04/2026 10:06:01
currency,"{""token"":""TMT"",""label"":""Turkmenistan New Manat (TMT)"",""perCountryLabels"":{}}",06/04/2026,06/04/2026 10:06:01
currency,"{""token"":""XEU"",""label"":""European Currency Unit (E.C.U) (XEU)"",""perCountryLabels"":{}}",06/04/2026,06/04/2026 10:06:01
currency,"{""token"":""CSJ"",""label"":""Krona A/53 (CSJ)"",""perCountryLabels"":{}}",06/04/2026,06/04/2026 10:06:01
currency,"{""token"":""BGN"",""label"":""Bulgarian Lev (BGN)"",""perCountryLabels"":{}}",06/04/2026,06/04/2026 10:06:01
currency,"{""token"":""BRC"",""label"":""Cruzado (BRC)"",""perCountryLabels"":{}}",06/04/2026,06/04/2026 10:06:01
currency,"{""token"":""JMD"",""label"":""Jamaican Dollar (JMD)"",""perCountryLabels"":{}}",06/04/2026,06/04/2026 10:06:01
currency,"{""token"":""SZL"",""label"":""Lilangeni (SZL)"",""perCountryLabels"":{}}",06/04/2026,06/04/2026 10:06:01
currency,"{""token"":""CZK"",""label"":""Czech Koruna (CZK)"",""perCountryLabels"":{}}",06/04/2026,06/04/2026 10:06:01
currency,"{""token"":""TRL"",""label"":""Old Turkish Lira (TRL)"",""perCountryLabels"":{}}",06/04/2026,06/04/2026 10:06:01
currency,"{""token"":""CHW"",""label"":""WIR Franc (CHW)"",""perCountryLabels"":{}}",06/04/2026,06/04/2026 10:06:01
currency,"{""token"":""ECS"",""label"":""Sucre (ECS)"",""perCountryLabels"":{}}",06/04/2026,06/04/2026 10:06:01
currency,"{""token"":""ZMW"",""label"":""Zambian Kwacha (ZMW)"",""perCountryLabels"":{}}",06/04/2026,06/04/2026 10:06:01
currency,"{""token"":""UYU"",""label"":""Peso Uruguayo (UYU)"",""perCountryLabels"":{}}",06/04/2026,06/04/2026 10:06:01
currency,"{""token"":""NPR"",""label"":""Nepalese Rupee (NPR)"",""perCountryLabels"":{}}",06/04/2026,06/04/2026 10:06:01
currency,"{""token"":""EGP"",""label"":""Egyptian Pound (EGP)"",""perCountryLabels"":{}}",06/04/2026,06/04/2026 10:06:01
currency,"{""token"":""AZN"",""label"":""Azerbaijan Manat (AZN)"",""perCountryLabels"":{}}",06/04/2026,06/04/2026 10:06:01
currency,"{""token"":""CLP"",""label"":""Chilean Peso (CLP)"",""perCountryLabels"":{}}",06/04/2026,06/04/2026 10:06:01
currency,"{""token"":""MOP"",""label"":""Pataca (MOP)"",""perCountryLabels"":{}}",06/04/2026,06/04/2026 10:06:01
currency,"{""token"":""SCR"",""label"":""Seychelles Rupee (SCR)"",""perCountryLabels"":{}}",06/04/2026,06/04/2026 10:06:01
currency,"{""token"":""HTG"",""label"":""Gourde (HTG)"",""perCountryLabels"":{}}",06/04/2026,06/04/2026 10:06:01
currency,"{""token"":""VND"",""label"":""Dong (VND)"",""perCountryLabels"":{}}",06/04/2026,06/04/2026 10:06:01
currency,"{""token"":""LAK"",""label"":""Lao Kip (LAK)"",""perCountryLabels"":{}}",06/04/2026,06/04/2026 10:06:01
currency,"{""token"":""BGJ"",""label"":""Lev A/52 (BGJ)"",""perCountryLabels"":{}}",06/04/2026,06/04/2026 10:06:01
currency,"{""token"":""TJR"",""label"":""Tajik Ruble (TJR)"",""perCountryLabels"":{}}",06/04/2026,06/04/2026 10:06:01
currency,"{""token"":""GBP"",""label"":""Pound Sterling (GBP)"",""perCountryLabels"":{}}",06/04/2026,06/04/2026 10:06:01
currency,"{""token"":""SSP"",""label"":""South Sudanese Pound (SSP)"",""perCountryLabels"":{}}",06/04/2026,06/04/2026 10:06:01
currency,"{""token"":""XPD"",""label"":""Palladium (XPD)"",""perCountryLabels"":{}}",06/04/2026,06/04/2026 10:06:01
currency,"{""token"":""BTN"",""label"":""Ngultrum (BTN)"",""perCountryLabels"":{}}",06/04/2026,06/04/2026 10:06:01
currency,"{""token"":""PEH"",""label"":""Sol (PEH)"",""perCountryLabels"":{}}",06/04/2026,06/04/2026 10:06:01
currency,"{""token"":""TWD"",""label"":""New Taiwan Dollar (TWD)"",""perCountryLabels"":{}}",06/04/2026,06/04/2026 10:06:01
currency,"{""token"":""DZD"",""label"":""Algerian Dinar (DZD)"",""perCountryLabels"":{}}",06/04/2026,06/04/2026 10:06:01
currency,"{""token"":""BOP"",""label"":""Peso boliviano (BOP)"",""perCountryLabels"":{}}",06/04/2026,06/04/2026 10:06:01
currency,"{""token"":""RUR"",""label"":""Russian Ruble (RUR)"",""perCountryLabels"":{}}",06/04/2026,06/04/2026 10:06:01
currency,"{""token"":""MXN"",""label"":""Mexican Peso (MXN)"",""perCountryLabels"":{}}",06/04/2026,06/04/2026 10:06:01
currency,"{""token"":""YUM"",""label"":""New Dinar (YUM)"",""perCountryLabels"":{}}",06/04/2026,06/04/2026 10:06:01
currency,"{""token"":""XDR"",""label"":""SDR (Special Drawing Right) (XDR)"",""perCountryLabels"":{}}",06/04/2026,06/04/2026 10:06:01
currency,"{""token"":""ZWL"",""label"":""Zimbabwe Dollar (ZWL)"",""perCountryLabels"":{}}",06/04/2026,06/04/2026 10:06:01
currency,"{""token"":""AYM"",""label"":""Azerbaijan Manat (AYM)"",""perCountryLabels"":{}}",06/04/2026,06/04/2026 10:06:01
currency,"{""token"":""AWG"",""label"":""Aruban Florin (AWG)"",""perCountryLabels"":{}}",06/04/2026,06/04/2026 10:06:01
currency,"{""token"":""CSK"",""label"":""Koruna (CSK)"",""perCountryLabels"":{}}",06/04/2026,06/04/2026 10:06:01
currency,"{""token"":""ISK"",""label"":""Iceland Krona (ISK)"",""perCountryLabels"":{}}",06/04/2026,06/04/2026 10:06:01
currency,"{""token"":""ITL"",""label"":""Italian Lira (ITL)"",""perCountryLabels"":{}}",06/04/2026,06/04/2026 10:06:01
currency,"{""token"":""LBP"",""label"":""Lebanese Pound (LBP)"",""perCountryLabels"":{}}",06/04/2026,06/04/2026 10:06:01
currency,"{""token"":""BEC"",""label"":""Convertible Franc (BEC)"",""perCountryLabels"":{}}",06/04/2026,06/04/2026 10:06:01
currency,"{""token"":""SGD"",""label"":""Singapore Dollar (SGD)"",""perCountryLabels"":{}}",06/04/2026,06/04/2026 10:06:01
currency,"{""token"":""MWK"",""label"":""Kwacha (MWK)"",""perCountryLabels"":{}}",06/04/2026,06/04/2026 10:06:01
currency,"{""token"":""KZT"",""label"":""Tenge (KZT)"",""perCountryLabels"":{}}",06/04/2026,06/04/2026 10:06:01
currency,"{""token"":""CRC"",""label"":""Costa Rican Colon (CRC)"",""perCountryLabels"":{}}",06/04/2026,06/04/2026 10:06:01
currency,"{""token"":""AZM"",""label"":""Azerbaijanian Manat (AZM)"",""perCountryLabels"":{}}",06/04/2026,06/04/2026 10:06:01
currency,"{""token"":""THB"",""label"":""Baht (THB)"",""perCountryLabels"":{}}",06/04/2026,06/04/2026 10:06:01
currency,"{""token"":""WST"",""label"":""Tala (WST)"",""perCountryLabels"":{}}",06/04/2026,06/04/2026 10:06:01
currency,"{""token"":""DJF"",""label"":""Djibouti Franc (DJF)"",""perCountryLabels"":{}}",06/04/2026,06/04/2026 10:06:01
currency,"{""token"":""LYD"",""label"":""Libyan Dinar (LYD)"",""perCountryLabels"":{}}",06/04/2026,06/04/2026 10:06:01
currency,"{""token"":""NGN"",""label"":""Naira (NGN)"",""perCountryLabels"":{}}",06/04/2026,06/04/2026 10:06:01
currency,"{""token"":""RHD"",""label"":""Rhodesian Dollar (RHD)"",""perCountryLabels"":{}}",06/04/2026,06/04/2026 10:06:01
currency,"{""token"":""AED"",""label"":""UAE Dirham (AED)"",""perCountryLabels"":{}}",06/04/2026,06/04/2026 10:06:01
currency,"{""token"":""ARP"",""label"":""Peso Argentino (ARP)"",""perCountryLabels"":{}}",06/04/2026,06/04/2026 10:06:01
currency,"{""token"":""BIF"",""label"":""Burundi Franc (BIF)"",""perCountryLabels"":{}}",06/04/2026,06/04/2026 10:06:01
currency,"{""token"":""CHF"",""label"":""Swiss Franc (CHF)"",""perCountryLabels"":{}}",06/04/2026,06/04/2026 10:06:01
currency,"{""token"":""RWF"",""label"":""Rwanda Franc (RWF)"",""perCountryLabels"":{}}",06/04/2026,06/04/2026 10:06:01
currency,"{""token"":""XBD"",""label"":""Bond Markets Unit European Unit of Account 17 (E.U.A.-17) (XBD)"",""perCountryLabels"":{}}",06/04/2026,06/04/2026 10:06:01
currency,"{""token"":""INR"",""label"":""Indian Rupee (INR)"",""perCountryLabels"":{}}",06/04/2026,06/04/2026 10:06:01
currency,"{""token"":""XOF"",""label"":""CFA Franc BCEAO (XOF)"",""perCountryLabels"":{}}",06/04/2026,06/04/2026 10:06:01
currency,"{""token"":""COU"",""label"":""Unidad de Valor Real (COU)"",""perCountryLabels"":{}}",06/04/2026,06/04/2026 10:06:01
currency,"{""token"":""YDD"",""label"":""Yemeni Dinar (YDD)"",""perCountryLabels"":{}}",06/04/2026,06/04/2026 10:06:01
currency,"{""token"":""CHC"",""label"":""WIR Franc (for electronic) (CHC)"",""perCountryLabels"":{}}",06/04/2026,06/04/2026 10:06:01
currency,"{""token"":""MRO"",""label"":""Ouguiya (MRO)"",""perCountryLabels"":{}}",06/04/2026,06/04/2026 10:06:01
currency,"{""token"":""CLF"",""label"":""Unidad de Fomento (CLF)"",""perCountryLabels"":{}}",06/04/2026,06/04/2026 10:06:01
currency,"{""token"":""ESP"",""label"":""Spanish Peseta (ESP)"",""perCountryLabels"":{}}",06/04/2026,06/04/2026 10:06:01
currency,"{""token"":""SIT"",""label"":""Tolar (SIT)"",""perCountryLabels"":{}}",06/04/2026,06/04/2026 10:06:01
currency,"{""token"":""AON"",""label"":""New Kwanza (AON)"",""perCountryLabels"":{}}",06/04/2026,06/04/2026 10:06:01
currency,"{""token"":""ADP"",""label"":""Andorran Peseta (ADP)"",""perCountryLabels"":{}}",06/04/2026,06/04/2026 10:06:01
currency,"{""token"":""EEK"",""label"":""Kroon (EEK)"",""perCountryLabels"":{}}",06/04/2026,06/04/2026 10:06:01
currency,"{""token"":""MXV"",""label"":""Mexican Unidad de Inversion (UDI) (MXV)"",""perCountryLabels"":{}}",06/04/2026,06/04/2026 10:06:01
currency,"{""token"":""CSD"",""label"":""Serbian Dinar (CSD)"",""perCountryLabels"":{}}",06/04/2026,06/04/2026 10:06:01
currency,"{""token"":""PTE"",""label"":""Portuguese Escudo (PTE)"",""perCountryLabels"":{}}",06/04/2026,06/04/2026 10:06:01
currency,"{""token"":""ILR"",""label"":""Old Shekel (ILR)"",""perCountryLabels"":{}}",06/04/2026,06/04/2026 10:06:01
currency,"{""token"":""PGK"",""label"":""Kina (PGK)"",""perCountryLabels"":{}}",06/04/2026,06/04/2026 10:06:01
currency,"{""token"":""CNY"",""label"":""Yuan Renminbi (CNY)"",""perCountryLabels"":{}}",06/04/2026,06/04/2026 10:06:01
currency,"{""token"":""BGK"",""label"":""Lev A/62 (BGK)"",""perCountryLabels"":{}}",06/04/2026,06/04/2026 10:06:01
currency,"{""token"":""SYP"",""label"":""Syrian Pound (SYP)"",""perCountryLabels"":{}}",06/04/2026,06/04/2026 10:06:01
currency,"{""token"":""MLF"",""label"":""Mali Franc (MLF)"",""perCountryLabels"":{}}",06/04/2026,06/04/2026 10:06:01
currency,"{""token"":""RON"",""label"":""New Romanian Leu (RON)"",""perCountryLabels"":{}}",06/04/2026,06/04/2026 10:06:01
currency,"{""token"":""LUL"",""label"":""Luxembourg Financial Franc (LUL)"",""perCountryLabels"":{}}",06/04/2026,06/04/2026 10:06:01
currency,"{""token"":""UYN"",""label"":""Old Uruguay Peso (UYN)"",""perCountryLabels"":{}}",06/04/2026,06/04/2026 10:06:01
currency,"{""token"":""AFN"",""label"":""Afghani (AFN)"",""perCountryLabels"":{}}",06/04/2026,06/04/2026 10:06:01
currency,"{""token"":""GHP"",""label"":""Ghana Cedi (GHP)"",""perCountryLabels"":{}}",06/04/2026,06/04/2026 10:06:01
currency,"{""token"":""PHP"",""label"":""Philippine Peso (PHP)"",""perCountryLabels"":{}}",06/04/2026,06/04/2026 10:06:01
currency,"{""token"":""MDL"",""label"":""Moldovan Leu (MDL)"",""perCountryLabels"":{}}",06/04/2026,06/04/2026 10:06:01
currency,"{""token"":""KHR"",""label"":""Riel (KHR)"",""perCountryLabels"":{}}",06/04/2026,06/04/2026 10:06:01
currency,"{""token"":""XPT"",""label"":""Platinum (XPT)"",""perCountryLabels"":{}}",06/04/2026,06/04/2026 10:06:01
currency,"{""token"":""GWP"",""label"":""Guinea-Bissau Peso (GWP)"",""perCountryLabels"":{}}",06/04/2026,06/04/2026 10:06:01
currency,"{""token"":""GNE"",""label"":""Syli (GNE)"",""perCountryLabels"":{}}",06/04/2026,06/04/2026 10:06:01
currency,"{""token"":""COP"",""label"":""Colombian Peso (COP)"",""perCountryLabels"":{}}",06/04/2026,06/04/2026 10:06:01
currency,"{""token"":""DKK"",""label"":""Danish Krone (DKK)"",""perCountryLabels"":{}}",06/04/2026,06/04/2026 10:06:01
currency,"{""token"":""KYD"",""label"":""Cayman Islands Dollar (KYD)"",""perCountryLabels"":{}}",06/04/2026,06/04/2026 10:06:01
currency,"{""token"":""XPF"",""label"":""CFP Franc (XPF)"",""perCountryLabels"":{}}",06/04/2026,06/04/2026 10:06:01
currency,"{""token"":""VNC"",""label"":""Old Dong (VNC)"",""perCountryLabels"":{}}",06/04/2026,06/04/2026 10:06:01
currency,"{""token"":""GMD"",""label"":""Dalasi (GMD)"",""perCountryLabels"":{}}",06/04/2026,06/04/2026 10:06:01
currency,"{""token"":""XFU"",""label"":""UIC-Franc (XFU)"",""perCountryLabels"":{}}",06/04/2026,06/04/2026 10:06:01
currency,"{""token"":""MVR"",""label"":""Rufiyaa (MVR)"",""perCountryLabels"":{}}",06/04/2026,06/04/2026 10:06:01
currency,"{""token"":""STN"",""label"":""Dobra (STN)"",""perCountryLabels"":{}}",06/04/2026,06/04/2026 10:06:01
currency,"{""token"":""TTD"",""label"":""Trinidad and Tobago Dollar (TTD)"",""perCountryLabels"":{}}",06/04/2026,06/04/2026 10:06:01
currency,"{""token"":""SDP"",""label"":""Sudanese Pound (SDP)"",""perCountryLabels"":{}}",06/04/2026,06/04/2026 10:06:01
currency,"{""token"":""BRB"",""label"":""Cruzeiro (BRB)"",""perCountryLabels"":{}}",06/04/2026,06/04/2026 10:06:01
currency,"{""token"":""PEI"",""label"":""Inti (PEI)"",""perCountryLabels"":{}}",06/04/2026,06/04/2026 10:06:01
currency,"{""token"":""DDM"",""label"":""Mark der DDR (DDM)"",""perCountryLabels"":{}}",06/04/2026,06/04/2026 10:06:01
currency,"{""token"":""PAB"",""label"":""Balboa (PAB)"",""perCountryLabels"":{}}",06/04/2026,06/04/2026 10:06:01
currency,"{""token"":""XAU"",""label"":""Gold (XAU)"",""perCountryLabels"":{}}",06/04/2026,06/04/2026 10:06:01
currency,"{""token"":""GHC"",""label"":""Cedi (GHC)"",""perCountryLabels"":{}}",06/04/2026,06/04/2026 10:06:01
currency,"{""token"":""XAG"",""label"":""Silver (XAG)"",""perCountryLabels"":{}}",06/04/2026,06/04/2026 10:06:01
currency,"{""token"":""SKK"",""label"":""Slovak Koruna (SKK)"",""perCountryLabels"":{}}",06/04/2026,06/04/2026 10:06:01
currency,"{""token"":""JPY"",""label"":""Yen (JPY)"",""perCountryLabels"":{}}",06/04/2026,06/04/2026 10:06:01
currency,"{""token"":""MTP"",""label"":""Maltese Pound (MTP)"",""perCountryLabels"":{}}",06/04/2026,06/04/2026 10:06:01
currency,"{""token"":""BRE"",""label"":""Cruzeiro (BRE)"",""perCountryLabels"":{}}",06/04/2026,06/04/2026 10:06:01
currency,"{""token"":""TOP"",""label"":""Pa'anga (TOP)"",""perCountryLabels"":{}}",06/04/2026,06/04/2026 10:06:01
currency,"{""token"":""UYP"",""label"":""Uruguayan Peso (UYP)"",""perCountryLabels"":{}}",06/04/2026,06/04/2026 10:06:01
currency,"{""token"":""BRR"",""label"":""Cruzeiro Real (BRR)"",""perCountryLabels"":{}}",06/04/2026,06/04/2026 10:06:01
currency,"{""token"":""ROL"",""label"":""Old Leu (ROL)"",""perCountryLabels"":{}}",06/04/2026,06/04/2026 10:06:01
currency,"{""token"":""BEF"",""label"":""Belgian Franc (BEF)"",""perCountryLabels"":{}}",06/04/2026,06/04/2026 10:06:01
currency,"{""token"":""MZE"",""label"":""Mozambique Escudo (MZE)"",""perCountryLabels"":{}}",06/04/2026,06/04/2026 10:06:01
currency,"{""token"":""BWP"",""label"":""Pula (BWP)"",""perCountryLabels"":{}}",06/04/2026,06/04/2026 10:06:01
currency,"{""token"":""MKD"",""label"":""Denar (MKD)"",""perCountryLabels"":{}}",06/04/2026,06/04/2026 10:06:01
currency,"{""token"":""ARS"",""label"":""Argentine Peso (ARS)"",""perCountryLabels"":{}}",06/04/2026,06/04/2026 10:06:01
currency,"{""token"":""FIM"",""label"":""Markka (FIM)"",""perCountryLabels"":{}}",06/04/2026,06/04/2026 10:06:01
currency,"{""token"":""HUF"",""label"":""Forint (HUF)"",""perCountryLabels"":{}}",06/04/2026,06/04/2026 10:06:01
currency,"{""token"":""SUR"",""label"":""Rouble (SUR)"",""perCountryLabels"":{}}",06/04/2026,06/04/2026 10:06:01
currency,"{""token"":""TPE"",""label"":""Timor Escudo (TPE)"",""perCountryLabels"":{}}",06/04/2026,06/04/2026 10:06:01
currency,"{""token"":""MYR"",""label"":""Malaysian Ringgit (MYR)"",""perCountryLabels"":{}}",06/04/2026,06/04/2026 10:06:01
currency,"{""token"":""USD"",""label"":""US Dollar (USD)"",""perCountryLabels"":{}}",06/04/2026,06/04/2026 10:06:01
currency,"{""token"":""SLL"",""label"":""Leone (SLL)"",""perCountryLabels"":{}}",06/04/2026,06/04/2026 10:06:01
currency,"{""token"":""MGF"",""label"":""Malagasy Franc (MGF)"",""perCountryLabels"":{}}",06/04/2026,06/04/2026 10:06:01
currency,"{""token"":""MAD"",""label"":""Moroccan Dirham (MAD)"",""perCountryLabels"":{}}",06/04/2026,06/04/2026 10:06:01
currency,"{""token"":""RUB"",""label"":""Russian Ruble (RUB)"",""perCountryLabels"":{}}",06/04/2026,06/04/2026 10:06:01
currency,"{""token"":""MNT"",""label"":""Tugrik (MNT)"",""perCountryLabels"":{}}",06/04/2026,06/04/2026 10:06:01
currency,"{""token"":""BOB"",""label"":""Boliviano (BOB)"",""perCountryLabels"":{}}",06/04/2026,06/04/2026 10:06:01
currency,"{""token"":""GYD"",""label"":""Guyana Dollar (GYD)"",""perCountryLabels"":{}}",06/04/2026,06/04/2026 10:06:01
currency,"{""token"":""SBD"",""label"":""Solomon Islands Dollar (SBD)"",""perCountryLabels"":{}}",06/04/2026,06/04/2026 10:06:01
currency,"{""token"":""ZRZ"",""label"":""Zaire (ZRZ)"",""perCountryLabels"":{}}",06/04/2026,06/04/2026 10:06:01
currency,"{""token"":""ZWC"",""label"":""Rhodesian Dollar (ZWC)"",""perCountryLabels"":{}}",06/04/2026,06/04/2026 10:06:01
currency,"{""token"":""XBA"",""label"":""Bond Markets Unit European Composite Unit (EURCO) (XBA)"",""perCountryLabels"":{}}",06/04/2026,06/04/2026 10:06:01
currency,"{""token"":""BHD"",""label"":""Bahraini Dinar (BHD)"",""perCountryLabels"":{}}",06/04/2026,06/04/2026 10:06:01
currency,"{""token"":""LUF"",""label"":""Luxembourg Franc (LUF)"",""perCountryLabels"":{}}",06/04/2026,06/04/2026 10:06:01
currency,"{""token"":""HNL"",""label"":""Lempira (HNL)"",""perCountryLabels"":{}}",06/04/2026,06/04/2026 10:06:01
currency,"{""token"":""UYW"",""label"":""Unidad Previsional (UYW)"",""perCountryLabels"":{}}",06/04/2026,06/04/2026 10:06:01
currency,"{""token"":""XCD"",""label"":""East Caribbean Dollar (XCD)"",""perCountryLabels"":{}}",06/04/2026,06/04/2026 10:06:01
currency,"{""token"":""XSU"",""label"":""Sucre (XSU)"",""perCountryLabels"":{}}",06/04/2026,06/04/2026 10:06:01
currency,"{""token"":""NZD"",""label"":""New Zealand Dollar (NZD)"",""perCountryLabels"":{}}",06/04/2026,06/04/2026 10:06:01
currency,"{""token"":""ZWR"",""label"":""Zimbabwe Dollar (ZWR)"",""perCountryLabels"":{}}",06/04/2026,06/04/2026 10:06:01
currency,"{""token"":""KGS"",""label"":""Som (KGS)"",""perCountryLabels"":{}}",06/04/2026,06/04/2026 10:06:01
currency,"{""token"":""AOA"",""label"":""Kwanza (AOA)"",""perCountryLabels"":{}}",06/04/2026,06/04/2026 10:06:01
currency,"{""token"":""BZD"",""label"":""Belize Dollar (BZD)"",""perCountryLabels"":{}}",06/04/2026,06/04/2026 10:06:01
currency,"{""token"":""IDR"",""label"":""Rupiah (IDR)"",""perCountryLabels"":{}}",06/04/2026,06/04/2026 10:06:01
currency,"{""token"":""SOS"",""label"":""Somali Shilling (SOS)"",""perCountryLabels"":{}}",06/04/2026,06/04/2026 10:06:01
currency,"{""token"":""NIO"",""label"":""Cordoba Oro (NIO)"",""perCountryLabels"":{}}",06/04/2026,06/04/2026 10:06:01
currency,"{""token"":""ESA"",""label"":""Spanish Peseta (ESA)"",""perCountryLabels"":{}}",06/04/2026,06/04/2026 10:06:01
currency,"{""token"":""BYR"",""label"":""Belarusian Ruble (BYR)"",""perCountryLabels"":{}}",06/04/2026,06/04/2026 10:06:01
currency,"{""token"":""GHS"",""label"":""Ghana Cedi (GHS)"",""perCountryLabels"":{}}",06/04/2026,06/04/2026 10:06:01
currency,"{""token"":""ILP"",""label"":""Pound (ILP)"",""perCountryLabels"":{}}",06/04/2026,06/04/2026 10:06:01
currency,"{""token"":""ANG"",""label"":""Netherlands Antillean Guilder (ANG)"",""perCountryLabels"":{}}",06/04/2026,06/04/2026 10:06:01
currency,"{""token"":""NLG"",""label"":""Netherlands Guilder (NLG)"",""perCountryLabels"":{}}",06/04/2026,06/04/2026 10:06:01
currency,"{""token"":""RSD"",""label"":""Serbian Dinar (RSD)"",""perCountryLabels"":{}}",06/04/2026,06/04/2026 10:06:01
currency,"{""token"":""FRF"",""label"":""French Franc (FRF)"",""perCountryLabels"":{}}",06/04/2026,06/04/2026 10:06:01
currency,"{""token"":""ILS"",""label"":""New Israeli Sheqel (ILS)"",""perCountryLabels"":{}}",06/04/2026,06/04/2026 10:06:01
currency,"{""token"":""NOK"",""label"":""Norwegian Krone (NOK)"",""perCountryLabels"":{}}",06/04/2026,06/04/2026 10:06:01
currency,"{""token"":""KWD"",""label"":""Kuwaiti Dinar (KWD)"",""perCountryLabels"":{}}",06/04/2026,06/04/2026 10:06:01
currency,"{""token"":""NAD"",""label"":""Namibia Dollar (NAD)"",""perCountryLabels"":{}}",06/04/2026,06/04/2026 10:06:01
currency,"{""token"":""ETB"",""label"":""Ethiopian Birr (ETB)"",""perCountryLabels"":{}}",06/04/2026,06/04/2026 10:06:01
currency,"{""token"":""ZWN"",""label"":""Zimbabwe Dollar (new) (ZWN)"",""perCountryLabels"":{}}",06/04/2026,06/04/2026 10:06:01
currency,"{""token"":""SDD"",""label"":""Sudanese Dinar (SDD)"",""perCountryLabels"":{}}",06/04/2026,06/04/2026 10:06:01
currency,"{""token"":""BRN"",""label"":""New Cruzado (BRN)"",""perCountryLabels"":{}}",06/04/2026,06/04/2026 10:06:01
currency,"{""token"":""MTL"",""label"":""Maltese Lira (MTL)"",""perCountryLabels"":{}}",06/04/2026,06/04/2026 10:06:01
currency,"{""token"":""BYN"",""label"":""Belarusian Ruble (BYN)"",""perCountryLabels"":{}}",06/04/2026,06/04/2026 10:06:01
currency,"{""token"":""ROK"",""label"":""Leu A/52 (ROK)"",""perCountryLabels"":{}}",06/04/2026,06/04/2026 10:06:01
currency,"{""token"":""BGL"",""label"":""Lev (BGL)"",""perCountryLabels"":{}}",06/04/2026,06/04/2026 10:06:01
currency,"{""token"":""EUR"",""label"":""Euro (EUR)"",""perCountryLabels"":{}}",06/04/2026,06/04/2026 10:06:01
currency,"{""token"":""CVE"",""label"":""Cabo Verde Escudo (CVE)"",""perCountryLabels"":{}}",06/04/2026,06/04/2026 10:06:01
currency,"{""token"":""ZAR"",""label"":""Rand (ZAR)"",""perCountryLabels"":{}}",06/04/2026,06/04/2026 10:06:01
currency,"{""token"":""ALK"",""label"":""Old Lek (ALK)"",""perCountryLabels"":{}}",06/04/2026,06/04/2026 10:06:01
currency,"{""token"":""KPW"",""label"":""North Korean Won (KPW)"",""perCountryLabels"":{}}",06/04/2026,06/04/2026 10:06:01
currency,"{""token"":""ARA"",""label"":""Austral (ARA)"",""perCountryLabels"":{}}",06/04/2026,06/04/2026 10:06:01
currency,"{""token"":""HRK"",""label"":""Croatian Kuna (HRK)"",""perCountryLabels"":{}}",06/04/2026,06/04/2026 10:06:01
currency,"{""token"":""BAM"",""label"":""Convertible Mark (BAM)"",""perCountryLabels"":{}}",06/04/2026,06/04/2026 10:06:01
currency,"{""token"":""ZAL"",""label"":""Financial Rand (ZAL)"",""perCountryLabels"":{}}",06/04/2026,06/04/2026 10:06:01
currency,"{""token"":""LTT"",""label"":""Talonas (LTT)"",""perCountryLabels"":{}}",06/04/2026,06/04/2026 10:06:01
currency,"{""token"":""PES"",""label"":""Sol (PES)"",""perCountryLabels"":{}}",06/04/2026,06/04/2026 10:06:01
currency,"{""token"":""IRR"",""label"":""Iranian Rial (IRR)"",""perCountryLabels"":{}}",06/04/2026,06/04/2026 10:06:01
currency,"{""token"":""ZMK"",""label"":""Zambian Kwacha (ZMK)"",""perCountryLabels"":{}}",06/04/2026,06/04/2026 10:06:01
collateralLimitType,"{""token"":""COMPLETED_VALUE"",""label"":""Completed Value"",""perCountryLabels"":{}}",06/04/2026,06/04/2026 10:06:01
collateralLimitType,"{""token"":""HAIL"",""label"":""Hail"",""perCountryLabels"":{}}",06/04/2026,06/04/2026 10:06:01
collateralLimitType,"{""token"":""OTHER_FARM_STRUCTURES"",""label"":""Other Farm Structures"",""perCountryLabels"":{}}",06/04/2026,06/04/2026 10:06:01
collateralLimitType,"{""token"":""SCHEDULED_FARM_PERSONAL_PROPERTY"",""label"":""Scheduled Farm Personal Property"",""perCountryLabels"":{}}",06/04/2026,06/04/2026 10:06:01
collateralLimitType,"{""token"":""ADDITIONAL_EXPENSE_EXTRA_EXPENSE"",""label"":""Additional Expense/Extra Expense"",""perCountryLabels"":{}}",06/04/2026,06/04/2026 10:06:01
collateralLimitType,"{""token"":""EARTHQUAKE"",""label"":""Earthquake"",""perCountryLabels"":{}}",06/04/2026,06/04/2026 10:06:01
collateralLimitType,"{""token"":""PER_OCCURRENCE_LIMIT"",""label"":""Per Occurrence Limit"",""perCountryLabels"":{}}",06/04/2026,06/04/2026 10:06:01
collateralLimitType,"{""token"":""PROPERTY_DAMAGE_PER_ACCIDENT"",""label"":""Property Damage Per Accident"",""perCountryLabels"":{}}",06/04/2026,06/04/2026 10:06:01
collateralLimitType,"{""token"":""COLLISION"",""label"":""Collision"",""perCountryLabels"":{}}",06/04/2026,06/04/2026 10:06:01
collateralLimitType,"{""token"":""THIRD_PARTY_LIABILITY"",""label"":""Third Party Liability"",""perCountryLabels"":{}}",06/04/2026,06/04/2026 10:06:01
collateralLimitType,"{""token"":""SCHEDULED_PROPERTY"",""label"":""Scheduled Property"",""perCountryLabels"":{}}",06/04/2026,06/04/2026 10:06:01
collateralLimitType,"{""token"":""COST_PER_ACRE"",""label"":""Cost Per Acre"",""perCountryLabels"":{}}",06/04/2026,06/04/2026 10:06:01
collateralLimitType,"{""token"":""UNSCHEDULED_FARM_PERSONAL_PROPERTY"",""label"":""Unscheduled Farm Personal Property"",""perCountryLabels"":{}}",06/04/2026,06/04/2026 10:06:01
collateralLimitType,"{""token"":""LOSS_OF_USE"",""label"":""Loss of Use"",""perCountryLabels"":{}}",06/04/2026,06/04/2026 10:06:01
collateralLimitType,"{""token"":""TRAILER_COLLISION"",""label"":""Trailer Collision"",""perCountryLabels"":{}}",06/04/2026,06/04/2026 10:06:01
collateralLimitType,"{""token"":""COMBINED_SINGLE_LIMIT"",""label"":""Combined Single Limit"",""perCountryLabels"":{}}",06/04/2026,06/04/2026 10:06:01
collateralLimitType,"{""token"":""BUILDING_DWELLING"",""label"":""Building/Dwelling"",""perCountryLabels"":{}}",06/04/2026,06/04/2026 10:06:01
collateralLimitType,"{""token"":""BODILY_INJURY_PER_ACCIDENT"",""label"":""Bodily Injury Per Accident"",""perCountryLabels"":{}}",06/04/2026,06/04/2026 10:06:01
collateralLimitType,"{""token"":""AGGREGATE_LIMIT"",""label"":""Aggregate Limit"",""perCountryLabels"":{}}",06/04/2026,06/04/2026 10:06:01
collateralLimitType,"{""token"":""TRAILER_COMPREHENSIVE"",""label"":""Trailer Comprehensive"",""perCountryLabels"":{}}",06/04/2026,06/04/2026 10:06:01
collateralLimitType,"{""token"":""OFF_PREMISES_STORAGE"",""label"":""Off Premises Storage"",""perCountryLabels"":{}}",06/04/2026,06/04/2026 10:06:01
collateralLimitType,"{""token"":""BUSINESS_INCOME_LOSS_OF_INCOME"",""label"":""Business Income/Loss of Income"",""perCountryLabels"":{}}",06/04/2026,06/04/2026 10:06:01
collateralLimitType,"{""token"":""POLLUTION_LIABILITY"",""label"":""Pollution Liability"",""perCountryLabels"":{}}",06/04/2026,06/04/2026 10:06:01
collateralLimitType,"{""token"":""NAMED_STORM"",""label"":""Named Storm"",""perCountryLabels"":{}}",06/04/2026,06/04/2026 10:06:01
collateralLimitType,"{""token"":""INCREASED_COST_OF_COMPLIANCE"",""label"":""Increased Cost of Compliance"",""perCountryLabels"":{}}",06/04/2026,06/04/2026 10:06:01
collateralLimitType,"{""token"":""COMPREHENSIVE"",""label"":""Comprehensive"",""perCountryLabels"":{}}",06/04/2026,06/04/2026 10:06:01
collateralLimitType,"{""token"":""TOWING_AND_ASSISTANCE"",""label"":""Towing and Assistance"",""perCountryLabels"":{}}",06/04/2026,06/04/2026 10:06:01
collateralLimitType,"{""token"":""PHYSICAL_DAMAGE"",""label"":""Physical Damage"",""perCountryLabels"":{}}",06/04/2026,06/04/2026 10:06:01
collateralLimitType,"{""token"":""SCHEDULED_AUTO_EQUIPMENT"",""label"":""Scheduled Auto/Equipment"",""perCountryLabels"":{}}",06/04/2026,06/04/2026 10:06:01
collateralLimitType,"{""token"":""FLOOD"",""label"":""Flood"",""perCountryLabels"":{}}",06/04/2026,06/04/2026 10:06:01
collateralLimitType,"{""token"":""IMPROVEMENTS_AND_BETTERMENTS"",""label"":""Improvements and Betterments"",""perCountryLabels"":{}}",06/04/2026,06/04/2026 10:06:01
collateralLimitType,"{""token"":""TRAILER_INTERCHANGE"",""label"":""Trailer Interchange"",""perCountryLabels"":{}}",06/04/2026,06/04/2026 10:06:01
collateralLimitType,"{""token"":""SCHEDULED_LIMIT"",""label"":""Scheduled Limit"",""perCountryLabels"":{}}",06/04/2026,06/04/2026 10:06:01
collateralLimitType,"{""token"":""OTHER_STRUCTURES"",""label"":""Other Structures"",""perCountryLabels"":{}}",06/04/2026,06/04/2026 10:06:01
collateralLimitType,"{""token"":""PERSONAL_PROPERTY_CONTENTS"",""label"":""Personal Property/Contents"",""perCountryLabels"":{}}",06/04/2026,06/04/2026 10:06:01
collateralLimitType,"{""token"":""BODILY_INJURY_PER_PERSON"",""label"":""Bodily Injury Per Person"",""perCountryLabels"":{}}",06/04/2026,06/04/2026 10:06:01
collateralLimitType,"{""token"":""OTHER_THAN_COMPREHENSIVE"",""label"":""Other Than Comprehensive"",""perCountryLabels"":{}}",06/04/2026,06/04/2026 10:06:01
federalTaxClassification,"{""token"":""LLC"",""label"":""LLC"",""perCountryLabels"":{}}",06/04/2026,06/04/2026 10:06:01
federalTaxClassification,"{""token"":""C_CORPORATION"",""label"":""C corporation"",""perCountryLabels"":{}}",06/04/2026,06/04/2026 10:06:01
federalTaxClassification,"{""token"":""INDIVIDUAL_SOLE_PROPRIETOR"",""label"":""Individual/sole proprietor"",""perCountryLabels"":{}}",06/04/2026,06/04/2026 10:06:01
federalTaxClassification,"{""token"":""S_CORPORATION"",""label"":""S corporation"",""perCountryLabels"":{}}",06/04/2026,06/04/2026 10:06:01
federalTaxClassification,"{""token"":""TRUST_ESTATE"",""label"":""Trust/estate"",""perCountryLabels"":{}}",06/04/2026,06/04/2026 10:06:01
federalTaxClassification,"{""token"":""OTHER"",""label"":""Other"",""perCountryLabels"":{}}",06/04/2026,06/04/2026 10:06:01
federalTaxClassification,"{""token"":""PARTNERSHIP"",""label"":""Partnership"",""perCountryLabels"":{}}",06/04/2026,06/04/2026 10:06:01
llcTaxClassification,"{""token"":""C"",""label"":""C"",""perCountryLabels"":{}}",06/04/2026,06/04/2026 10:06:01
llcTaxClassification,"{""token"":""S"",""label"":""S"",""perCountryLabels"":{}}",06/04/2026,06/04/2026 10:06:01
llcTaxClassification,"{""token"":""P"",""label"":""P"",""perCountryLabels"":{}}",06/04/2026,06/04/2026 10:06:01
policyType,"{""token"":""PROFESSIONAL_LIABILITY_ERRORS_AND_OMISSIONS"",""label"":""Professional Liability (Errors and Omissions)"",""perCountryLabels"":{}}",06/04/2026,06/04/2026 10:06:01
policyType,"{""token"":""MEDIA_LIABILITY"",""label"":""Media Liability"",""perCountryLabels"":{}}",06/04/2026,06/04/2026 10:06:01
policyType,"{""token"":""MEDICAL_ERRORS_AND_OMISSIONS"",""label"":""Medical Errors and Omissions"",""perCountryLabels"":{}}",06/04/2026,06/04/2026 10:06:01
policyType,"{""token"":""TECHNOLOGY_LIABILITY"",""label"":""Technology Liability"",""perCountryLabels"":{}}",06/04/2026,06/04/2026 10:06:01
historyEntryType,"{""token"":""RESPONSE_RECEIVED"",""label"":""Response Received"",""perCountryLabels"":{}}",06/04/2026,06/04/2026 10:06:01
historyEntryType,"{""token"":""DOCUMENT_UPLOADED"",""label"":""Document Uploaded"",""perCountryLabels"":{}}",06/04/2026,06/04/2026 10:06:01
historyEntryType,"{""token"":""REQUEST_SENT"",""label"":""Request Sent"",""perCountryLabels"":{}}",06/04/2026,06/04/2026 10:06:01
historyEntryType,"{""token"":""NOTE_ADDED"",""label"":""Note Added"",""perCountryLabels"":{}}",06/04/2026,06/04/2026 10:06:01
historyEntryType,"{""token"":""REQUEST_TERMINATED"",""label"":""Request Terminated"",""perCountryLabels"":{}}",06/04/2026,06/04/2026 10:06:01
historyEntryType,"{""token"":""REQUEST_TIMEOUT"",""label"":""Request Timeout"",""perCountryLabels"":{}}",06/04/2026,06/04/2026 10:06:01
historyEntryType,"{""token"":""EVALUATION_COMPLETED"",""label"":""Evaluation Completed"",""perCountryLabels"":{}}",06/04/2026,06/04/2026 10:06:01